sample_number,listing_id,category,title,image_path
1,4374702628,ring,Unique Heart Cut Green Garnet Engagement Ring Nature Inspired Rose Flower Bridal Wedding Ring Anniversary Gift for Her 14k Gold Promise Ring,data\catalogue\etsy\expansion_clean\cleaned_images\etsy_4374702628.jpg
2,4359431295,necklace,"Saint Jude Necklace Charm, Sterling Silver St Jude Necklace, Silver St Jude Apostle Necklace, Silver St Jude Medal, St Jude Medal",data\catalogue\etsy\cleaned_images\4359431295.jpg
3,622214926,bracelet,Lenora Dame Iconic Pearl Cluster Bracelet,data\catalogue\etsy\cleaned_images\622214926.jpg
4,547042416,ring,Value Star Double Loop Split Ring - Silver 25mm - Key Keyring Craft Findings Hoop,data\catalogue\etsy\expansion_clean\cleaned_images\etsy_547042416.jpg
5,4479465976,ring,Keep Climbing Ring Mountain Nature Inspired Jewelry,data\catalogue\etsy\cleaned_images\4479465976.jpg
6,4553789956,earring,"Silver Dragonfly Pearl Drop Earrings, Nature Inspired Bridal Jewelry",data\catalogue\etsy\cleaned_images\4553789956.jpg
7,4511137547,ring,"2CT Heart Cut Moissanite Engagement Ring, Heart Shape Solitaire Wedding Ring, Sterling Silver Ring, 14K Gold Plated Bridal Ring Gift for Her",data\catalogue\etsy\expansion_clean\cleaned_images\etsy_4511137547.jpg
8,1874276471,ring,One of a Kind Oval Moissanite Engagement Ring Set Art Deco Unique Cut Moissanite Wedding Rings for Women Vintage Floral Rings Gift for Her,data\catalogue\etsy\cleaned_images\1874276471.jpg
9,4510429730,bracelet,"Stars bracelet, jewelry, accessory, colorful, chunky",data\catalogue\etsy\cleaned_images\4510429730.jpg
10,4583140761,ring,925 Sterling Silver Vintage Real Emerald-Cut Amethyst Modernist Ring Size 6.75,data\catalogue\etsy\expansion_clean\cleaned_images\etsy_4583140761.jpg
11,4373815166,pendant,Maligano Jasper Sterling Silver Pendant Necklace,data\catalogue\etsy\cleaned_images\4373815166.jpg
12,4376840210,earring,Blue Orchid Earring,data\catalogue\etsy\cleaned_images\4376840210.jpg
13,1503723364,necklace,"Gemstone Doughnut Necklace, Natural Gemstone Healing Pendant, Aventurine Necklace, Lapis Lazuli Necklace, Doughnut Adjustable Necklace, USA",data\catalogue\etsy\cleaned_images\1503723364.jpg
14,4309162894,ring,Wide Southwestern Style Sterling Silver Chain Design Band Style Ring 1980&#39;s Vintage,data\catalogue\etsy\expansion_clean\cleaned_images\etsy_4309162894.jpg
15,1751683468,pendant,"Green Copper Turquoise Pendant,925 Sterling Silver pendant, Gemstone pendant, silver jewelry, Beautiful Pendant,gift items,Anniversary Gifts",data\catalogue\etsy\cleaned_images\1751683468.jpg
16,4401014124,ring,"12X8 MM Oval Cut Moissanite Wedding Ring, Micro Row Set Hidden Halo Modern Ring, 925 Silver Ring, Pave Set With Knife Edge Shank Ring",data\catalogue\etsy\expansion_clean\cleaned_images\etsy_4401014124.jpg
17,4538148367,earring,Titanium Vertical Helix Chain Star Dangle Earring| Hidden Helix Piercing Jewelry| Threadless Flat Back Stud| Hypoallergenic Waterproof Rook,data\catalogue\etsy\cleaned_images\4538148367.jpg
18,4583169274,ring,"Blue Sunstone Ring, Women&#39;s Handmade Ring, 925 Sterling Silver, Square Cabochon Gemstone-Boho Artisan Jewelry",data\catalogue\etsy\expansion_clean\cleaned_images\etsy_4583169274.jpg
19,4553485453,necklace,"Heart Pendant Necklace,  Stainless Steel Charm, Silver plated  Necklace, Delicate Jewelry,  Waterproof Jewelry",data\catalogue\etsy\cleaned_images\4553485453.jpg
20,4552236944,earring,"18K Gold Plated Pink Ruby Floral Jhumka Earrings, Gold Indian Jhumki, Pearl Drop Statement Earrings, CZ Crystal Bollywood Jewelry",data\catalogue\etsy\cleaned_images\4552236944.jpg
