listing_id,title,category,local_image_path,similarities,similarity,query_image,rank
4352924968,"2pcs 18K Gold Plated Oval Clasp,Oval Screw Clasp,Necklace Bracelet Component Clasp ,for DIY Jewelry",bracelet,data\catalogue\etsy\cleaned_images\4352924968.jpg,"[0.8747737407684326, 0.88131183385849, 0.8554028868675232, 0.8911386728286743]",0.8862252533435822,test1.jpeg,1
1546363765,"Gold Necklace Clasp,18K Gold Filled Lobster Clasp Gold Lobster Claw for DIY Jewelry Finding Necklace Bracelet",bracelet,data\catalogue\etsy\cleaned_images\1546363765.jpg,"[0.8685310482978821, 0.8808456659317017, 0.8485770225524902, 0.8806271553039551]",0.8807364106178284,test1.jpeg,2
1737979805,8 Pixel Side Firing Accent &quot;Ring&quot;,ring,data\catalogue\etsy\cleaned_images\1737979805.jpg,"[0.8752079606056213, 0.8681790828704834, 0.8686425089836121, 0.8394542932510376]",0.8719252347946167,test1.jpeg,3
4348781927,Organic Diamond Wave Ring by Caitlyn Minimalist • Curved Marquise Diamond Stacking Ring • Unique Arc Wedding Band • Anniversary Gift • RR191,ring,data\catalogue\etsy\cleaned_images\4348781927.jpg,"[0.8530939817428589, 0.8560498952865601, 0.8266627788543701, 0.8802970051765442]",0.8681734502315521,test1.jpeg,4
4374560212,1 Piece Beer  Quartz Carved Polished Single Gemstone Ring| Hand Carved Ring Size,ring,data\catalogue\etsy\cleaned_images\4374560212.jpg,"[0.8563435077667236, 0.8722950220108032, 0.8496719002723694, 0.8615295886993408]",0.866912305355072,test1.jpeg,5
769186820,"Hammered 14K Gold Filled Toe Ring, Adjustable Midi Ring",ring,data\catalogue\etsy\cleaned_images\769186820.jpg,"[0.8343436121940613, 0.8512986898422241, 0.8195911645889282, 0.8765397071838379]",0.863919198513031,test1.jpeg,6
4486784495,"Smoky Quartz Ring 925 Sterling Silver, Oval Gemstone Ring, Brown Quartz Statement Ring, Handmade Minimalist Jewelry, Gift for Her",ring,data\catalogue\etsy\cleaned_images\4486784495.jpg,"[0.8425089120864868, 0.8568627834320068, 0.8459430932998657, 0.8669397234916687]",0.8619012534618378,test1.jpeg,7
4320646886,D-Knot-Handmade 14K Gold Filled Sailor Knot Ring,ring,data\catalogue\etsy\cleaned_images\4320646886.jpg,"[0.8285952806472778, 0.850135087966919, 0.8230034112930298, 0.8643984794616699]",0.8572667837142944,test1.jpeg,8
4336278483,"Bold Polished Circle Connector in 18K Gold Filled, Perfect for Customizing Charm Bracelets or Bags 14.8mm",bracelet,data\catalogue\etsy\cleaned_images\4336278483.jpg,"[0.8561140894889832, 0.8487645387649536, 0.8201123476028442, 0.848802924156189]",0.8524585068225861,test1.jpeg,9
4582159180,Double Skull Ring in Mixed Metal - Sterling Silver and Brass Halloween Ring; Spooky Season Gifts; Mixed Metal Jewelry,ring,data\catalogue\etsy\cleaned_images\4582159180.jpg,[0.8483957052230835],0.8483957052230835,test1.jpeg,10
4402552851,925 Silver Ear Cuff • Non Piercing Earring • Stackable Ear Cuffs • Minimal Unisex Cartilage Jewelry,earring,data\catalogue\etsy\cleaned_images\4402552851.jpg,"[0.8260184526443481, 0.8334559202194214, 0.8539074063301086]",0.843681663274765,test1.jpeg,11
220160905,Heart Ruby Eco-Ring - in recycled 14K rose & white gold,ring,data\catalogue\etsy\cleaned_images\220160905.jpg,[0.8404502868652344],0.8404502868652344,test1.jpeg,12
1848609374,"Lady Diana Cameo Ring, Handmade Sterling Silver Vintage-Inspired Jewelry, Perfect Valentine’s Or Mother’s Day Gift For Her",ring,data\catalogue\etsy\cleaned_images\1848609374.jpg,[0.8400835990905762],0.8400835990905762,test1.jpeg,13
1532183488,"18K Gold Filled Round Carabiner Clasp,Carabiner Lock Connector,Spring Push Gate for DIY Jewelry Finding Necklace Bracelet",bracelet,data\catalogue\etsy\cleaned_images\1532183488.jpg,"[0.8359308242797852, 0.83571457862854, 0.8053215742111206, 0.8393580317497253]",0.8376444280147552,test1.jpeg,14
745678143,"Personalized Gold Ring, Engraved Ring, Wide Gold Band, Thick Gold Filled Ring, Affordable Wedding Band, Simple Gold Ring, Initial Ring",ring,data\catalogue\etsy\cleaned_images\745678143.jpg,"[0.8326387405395508, 0.8241307735443115, 0.8256954550743103, 0.8419461250305176]",0.8372924327850342,test1.jpeg,15
4580709895,The Moon Belongs to Lovers Ring,ring,data\catalogue\etsy\cleaned_images\4580709895.jpg,[0.8371774554252625],0.8371774554252625,test1.jpeg,16
207963740,"14kt Yellow Gold Filled 5/8&quot; Necklace, Anklet or Bracelet Extender / Connector with Spring Ring Clasps - New Jewelry Accessory - Ships FREE",necklace,data\catalogue\etsy\cleaned_images\207963740.jpg,"[0.8216301202774048, 0.8440350294113159]",0.8328325748443604,test1.jpeg,17
4520056715,Personalized Double Initial Ring | Couple Initials Engraved | Matching Rings | Gift for BFF | Bridesmaid Gift,ring,data\catalogue\etsy\cleaned_images\4520056715.jpg,"[0.8244434595108032, 0.8099860548973083, 0.8399720191955566]",0.8322077393531799,test1.jpeg,18
4522721891,Gothic Oval White Moissanite Moth Engagement Ring Nature Inspired Gold Ring Sculpted Promise Ring Vintage Bridal Ring Unique Gift For Her,ring,data\catalogue\etsy\cleaned_images\4522721891.jpg,"[0.8212809562683105, 0.8002921938896179, 0.8384317755699158]",0.8298563659191132,test1.jpeg,19
4445713694,Fresh Water Pearl Vine Ring – Deep Elegance & Bold Sophistication,ring,data\catalogue\etsy\cleaned_images\4445713694.jpg,"[0.8197022676467896, 0.8377974033355713]",0.8287498354911804,test1.jpeg,20
256613157,"Blue Sapphire Earrings, September Birthstones, Crown Set Sapphire, Sterling Silver Sapphires, Oval Sapphire Earrings, Dark Blue Sapphire Set",earring,data\catalogue\etsy\cleaned_images\256613157.jpg,"[0.7901734113693237, 0.7769219875335693, 0.7703427076339722, 0.8306023478507996]",0.8103878796100616,test2.jpeg,1
1769132288,"Aquamarine Bracelet, Genuine Aquamarine and White Topaz Two-Tone Bolo Bracelet in .925 Sterling Silver, March Birthstone, Gift for Her",bracelet,data\catalogue\etsy\cleaned_images\1769132288.jpg,[0.8044260740280151],0.8044260740280151,test2.jpeg,2
1005652226,Gorgeous Green Moissanite Earring  1ct +1ct Dangle & Drop  Moissanite Earring  Sterling Silver And Platinum Group Metal Multi-Layer Plating,earring,data\catalogue\etsy\cleaned_images\1005652226.jpg,[0.8019917011260986],0.8019917011260986,test2.jpeg,3
1885800189,"Champagne and Navy Blue Drop Earrings, Denim Blue Crystal Earrings, Gold and Navy Bridal Earrings, Champagne Crystal Dangle Earrings",earring,data\catalogue\etsy\cleaned_images\1885800189.jpg,"[0.7812846899032593, 0.7699763178825378, 0.7935882806777954, 0.8082402348518372]",0.8009142577648163,test2.jpeg,4
739936383,"Wedding Jewelry Set, Bridal Jewelry, Bridal Necklace, Wedding Earrings, Gold Jewelry, E122+N515",necklace,data\catalogue\etsy\cleaned_images\739936383.jpg,[0.8007162809371948],0.8007162809371948,test2.jpeg,5
4510424120,Iridescent Round Resin Earrings – Shimmering Color‑Shift Dangle Drops with Gold Accents,earring,data\catalogue\etsy\cleaned_images\4510424120.jpg,[0.7994436621665955],0.7994436621665955,test2.jpeg,6
1645215502,Vintage White Milk Glass Clip-On Earrings in Gold-Tone Settings,earring,data\catalogue\etsy\cleaned_images\1645215502.jpg,[0.7988046407699585],0.7988046407699585,test2.jpeg,7
1097917239,Raw Fire Opal Earrings – Dangle Hook Gemstone Jewelry - Minimalist Wire Earrings - Gift For Her,earring,data\catalogue\etsy\cleaned_images\1097917239.jpg,[0.797122061252594],0.797122061252594,test2.jpeg,8
543955948,Dainty Cubic Zirconia Studs: 14K Gold Plated Sterling Silver Earrings,earring,data\catalogue\etsy\cleaned_images\543955948.jpg,[0.7958398461341858],0.7958398461341858,test2.jpeg,9
4409590459,"Minimalist Lapis Lazuli Bracelet: Blue Semi-Precious Gemstones, 14K Gold-Plated Sterling Silver Layered Bracelet.",bracelet,data\catalogue\etsy\cleaned_images\4409590459.jpg,[0.7956156730651855],0.7956156730651855,test2.jpeg,10
569025376,3.56 Ct. Blue Oval Topaz and Diamond Accented Three Stone Sterling Silver Ring,ring,data\catalogue\etsy\cleaned_images\569025376.jpg,[0.7951095104217529],0.7951095104217529,test2.jpeg,11
1015877397,Sage Green and Purple Czech Crystal Earrings,earring,data\catalogue\etsy\cleaned_images\1015877397.jpg,"[0.7794911861419678, 0.7676420211791992, 0.8045212030410767]",0.7920061945915222,test2.jpeg,12
4577967890,Vintage 10K White Gold Blue Aquamarine & CZ Drop Dangle Earrings,earring,data\catalogue\etsy\cleaned_images\4577967890.jpg,"[0.7812017202377319, 0.7705404758453369, 0.7809271812438965, 0.8002001643180847]",0.7907009422779083,test2.jpeg,13
1810769505,"10K Yellow Gold Aquamarine Stud Earrings, March Birthstone 6x4mm",earring,data\catalogue\etsy\cleaned_images\1810769505.jpg,"[0.7584846019744873, 0.750015139579773, 0.7591301202774048, 0.8133848309516907]",0.7862574756145477,test2.jpeg,14
4445720485,Elegant Boho Drop Earrings - Handmade Vintage Style Jewelry - Lightweight Statement Earrings - Gift for Her,earring,data\catalogue\etsy\cleaned_images\4445720485.jpg,"[0.7552001476287842, 0.8137949705123901]",0.7844975590705872,test2.jpeg,15
4347786729,"Gold Flower Drop Earrings,Natural Freshwater Pearl Earrings,Dainty Floral Hoop Earirngsl,Bridal Earrings,Wedding Earrings,Bridesmaid Gifts",earring,data\catalogue\etsy\cleaned_images\4347786729.jpg,"[0.7611339092254639, 0.8024852275848389]",0.7818095684051514,test2.jpeg,16
4373796365,Costume Diamond Earrings Round Oval Baguette Dangle Clustered Rhinestones,earring,data\catalogue\etsy\cleaned_images\4373796365.jpg,"[0.7588825225830078, 0.79848712682724]",0.7786848247051239,test2.jpeg,17
953362547,"London Blue Quartz 12mm Faceted Heart Shape Pear Drop, Wire Wrapped handmade Earrings in 14K Gold Filled earrings Gift valentines",earring,data\catalogue\etsy\cleaned_images\953362547.jpg,"[0.7474232316017151, 0.8069130778312683]",0.7771681547164917,test2.jpeg,18
1482403253,Full moon pendant Full Moon necklace Crescent Moon DiY Handmade accessories 20x18x5mm,necklace,data\catalogue\etsy\cleaned_images\1482403253.jpg,"[0.7556522488594055, 0.7981976270675659]",0.7769249379634857,test2.jpeg,19
4337011688,"Princess Lab Grown Diamond Studs, Solitaire Earrings Diamond Stud Earring, Bridal Gift for Her, Yellow Gold Martini Studs Gift",earring,data\catalogue\etsy\cleaned_images\4337011688.jpg,"[0.7537620663642883, 0.795341968536377]",0.7745520174503326,test2.jpeg,20
1048787878,Labradorite Sterling Silver Bracelet: Seven Stone Bohemian Jewelry,bracelet,data\catalogue\etsy\cleaned_images\1048787878.jpg,[0.8331424593925476],0.8331424593925476,test3.jpeg,1
846212192,"Rhinestone Snake Necklace, Swarovski Crystal Serpent, Handmade Chain",necklace,data\catalogue\etsy\cleaned_images\846212192.jpg,[0.8327509164810181],0.8327509164810181,test3.jpeg,2
234288585,Natural Dominican Larimar Solid 925 Sterling Silver Butterfly Pendant For Necklace. Free 18&#39;&#39; sterling silver chain,pendant,data\catalogue\etsy\cleaned_images\234288585.jpg,[0.8319689035415649],0.8319689035415649,test3.jpeg,3
1782692814,14k Gold 5.60ct Diamond Tennis Bracelet Fabulous,bracelet,data\catalogue\etsy\cleaned_images\1782692814.jpg,"[0.8328708410263062, 0.8271808624267578, 0.8039345741271973, 0.8204856514930725]",0.830025851726532,test3.jpeg,4
466311258,"Chunky Charm Bracelet,Vintage Chain,Chocolate Brass,Charm Bracelet,Chunky Bracelet,Bracelet Set, Earrings Included,Mockidesigns,Gift Wrapped",earring,data\catalogue\etsy\cleaned_images\466311258.jpg,"[0.8248890042304993, 0.8300955891609192, 0.7951302528381348]",0.8274922966957092,test3.jpeg,5
4510426304,Vintage CAMEO + Butterfly BRACELET Ornate Filigree 800 Gilt SILVER Hand-Carved Shell,bracelet,data\catalogue\etsy\cleaned_images\4510426304.jpg,"[0.8416197896003723, 0.8089403510093689, 0.7855126261711121]",0.8252800703048706,test3.jpeg,6
869651767,"Spiral Coin Pendant, Tribal Ball Dot Charms, Ethnic Spiral Disc Pendant, Matte Antique Silver Plated, 1pc",pendant,data\catalogue\etsy\cleaned_images\869651767.jpg,"[0.8226321339607239, 0.8270013928413391]",0.8248167634010315,test3.jpeg,7
1384875631,Rare to find designer Floral Ring Jewelry Silver Unique Jewelry,ring,data\catalogue\etsy\cleaned_images\1384875631.jpg,[0.8238183259963989],0.8238183259963989,test3.jpeg,8
4582154824,"10K White Gold peridot solitaire Vintage Ring Size 6.5, 2.1g",ring,data\catalogue\etsy\cleaned_images\4582154824.jpg,[0.8233546018600464],0.8233546018600464,test3.jpeg,9
789571660,"Heart of the Matter: Amethyst, Quartz, Kunzite, Labradorite, and Moonstone Pendant",pendant,data\catalogue\etsy\cleaned_images\789571660.jpg,"[0.834189236164093, 0.8112975358963013]",0.8227433860301971,test3.jpeg,10
4577954309,Vintage 10K White Gold Blue Topaz Flower Earrings,earring,data\catalogue\etsy\cleaned_images\4577954309.jpg,[0.8205285668373108],0.8205285668373108,test3.jpeg,11
4471740078,"Handmade Pure Silver Chain Necklace, Antique Oxidized Finish, Unisex Vintage Jewelry",necklace,data\catalogue\etsy\cleaned_images\4471740078.jpg,"[0.8010507225990295, 0.83791184425354]",0.8194812834262848,test3.jpeg,12
1782887942,Silver Chaps Bracelet 30mm Men&#39;s Gent&#39;s Old School Curb Sterling 925,bracelet,data\catalogue\etsy\cleaned_images\1782887942.jpg,[0.8177627325057983],0.8177627325057983,test3.jpeg,13
1719047722,Vintage Van Dell Gold Filled GF On Sterling W/ Red Glass  Flower Link Panel Bracelet 6” Vermeil,bracelet,data\catalogue\etsy\cleaned_images\1719047722.jpg,[0.8172645568847656],0.8172645568847656,test3.jpeg,14
1861559229,Filigree Heart Astral Necklace,necklace,data\catalogue\etsy\cleaned_images\1861559229.jpg,"[0.8190573453903198, 0.8146307468414307, 0.7802131772041321, 0.7978515625]",0.8168440461158752,test3.jpeg,15
475502886,Tourmaline Dream Pendant,pendant,data\catalogue\etsy\cleaned_images\475502886.jpg,[0.8159922361373901],0.8159922361373901,test3.jpeg,16
4308366229,"Dalilah Bracelet ||| MTO Dainty, Stainless Steel, European 4 in 1 Weave Cuff",bracelet,data\catalogue\etsy\cleaned_images\4308366229.jpg,"[0.8211102485656738, 0.8107242584228516, 0.8102161884307861]",0.8159172534942627,test3.jpeg,17
1393227979,Faceted moonstone in 14k gold pendant,pendant,data\catalogue\etsy\cleaned_images\1393227979.jpg,[0.8137682676315308],0.8137682676315308,test3.jpeg,18
815693647,Hemp Macrame Necklace With Marijuana Pendant,pendant,data\catalogue\etsy\cleaned_images\815693647.jpg,[0.8132554888725281],0.8132554888725281,test3.jpeg,19
1869756705,"14k Solid Gold Bismark Chain Bracelet, Stacked Curb Link,Bismarck Bracelet",bracelet,data\catalogue\etsy\cleaned_images\1869756705.jpg,"[0.8010992407798767, 0.8237823843955994]",0.812440812587738,test3.jpeg,20
1750297922,Handmade Indian Jhumki Hoop Earrings: Ethnic Chandbali Jewelry,earring,data\catalogue\etsy\cleaned_images\1750297922.jpg,"[0.7703278064727783, 0.8587433099746704, 0.822465181350708]",0.8406042456626892,test4.jpeg,1
1567136081,"Hammered Oval Pendant Dome Charm Jewelry Finding, 22k Matte Gold Plated, 1pc",pendant,data\catalogue\etsy\cleaned_images\1567136081.jpg,"[0.829587996006012, 0.8313692212104797, 0.812816321849823]",0.8304786086082458,test4.jpeg,2
4372275877,Vintage Trifari Gold Tone Pearl and Rhinestone Choker Necklace,necklace,data\catalogue\etsy\cleaned_images\4372275877.jpg,[0.8302381038665771],0.8302381038665771,test4.jpeg,3
494217396,"Magnetic Clasp Converter - 14kt Yellow Gold Filled Necklace, Anklet or Bracelet Extender Connector - Magnetic Chain Extender",bracelet,data\catalogue\etsy\cleaned_images\494217396.jpg,"[0.8166695833206177, 0.818716824054718, 0.8386054039001465]",0.8286611139774323,test4.jpeg,4
4500545572,"Chakra Hoop Earrings, chakras jewelry 7 Chakras Jewelry",earring,data\catalogue\etsy\cleaned_images\4500545572.jpg,"[0.8076969981193542, 0.8140150308609009, 0.8261245489120483]",0.8200697898864746,test4.jpeg,5
1869756705,"14k Solid Gold Bismark Chain Bracelet, Stacked Curb Link,Bismarck Bracelet",bracelet,data\catalogue\etsy\cleaned_images\1869756705.jpg,"[0.7732044458389282, 0.8049208521842957, 0.8335601091384888, 0.80446457862854]",0.8192404806613922,test4.jpeg,6
4308354201,Vintage adjustable gold tone w faux turquoise snake ring,ring,data\catalogue\etsy\cleaned_images\4308354201.jpg,[0.8186347484588623],0.8186347484588623,test4.jpeg,7
1418138274,"18K Gold Stainless Steel NON-TARNISH Chain Necklace, WATERPROOF",necklace,data\catalogue\etsy\cleaned_images\1418138274.jpg,"[0.7969866394996643, 0.8346438407897949]",0.8158152401447296,test4.jpeg,8
235011630,2 Ethnic Multi Strand Link Connector Necklace Finish - Antique Matte Siver Plated,necklace,data\catalogue\etsy\cleaned_images\235011630.jpg,"[0.7567965984344482, 0.8194046020507812, 0.8086758852005005]",0.8140402436256409,test4.jpeg,9
1718919882,DON-LIN Vintage 1990&#39;s Beige And Gold Modern Triangular Statement Clip Earrings,earring,data\catalogue\etsy\cleaned_images\1718919882.jpg,"[0.7702808380126953, 0.8139694929122925, 0.7932709455490112, 0.8066543936729431]",0.8103119432926178,test4.jpeg,10
725551657,Vintage Green ENamel Giant Ring Fashion Gold Tone Key Chain Metal Key Fob,ring,data\catalogue\etsy\cleaned_images\725551657.jpg,[0.8102967143058777],0.8102967143058777,test4.jpeg,11
1573396791,Personalized shield and spike gemstone necklace,necklace,data\catalogue\etsy\cleaned_images\1573396791.jpg,"[0.8063570857048035, 0.7959427237510681, 0.8105655908584595]",0.8084613382816315,test4.jpeg,12
1068710247,Gold Bracelet: with evil eye,bracelet,data\catalogue\etsy\cleaned_images\1068710247.jpg,[0.8083322048187256],0.8083322048187256,test4.jpeg,13
224546662,"Doggie Love, Multi Charm, Charm Bangle, Bracelet, Dog Charm Bangle, MockiDesigns, Gift Wrapped",bracelet,data\catalogue\etsy\cleaned_images\224546662.jpg,[0.8078964352607727],0.8078964352607727,test4.jpeg,14
1394034512,"Skull and Crossbones Ring, Gothic Renaissance Jewelry, Vintage Style",ring,data\catalogue\etsy\cleaned_images\1394034512.jpg,[0.8074290752410889],0.8074290752410889,test4.jpeg,15
4308357707,Antique marked 14k gold Letter DT ? pinky ring size 3.5,ring,data\catalogue\etsy\cleaned_images\4308357707.jpg,[0.8067022562026978],0.8067022562026978,test4.jpeg,16
1803827927,NEW… Goldplated (man on horse) coin pendant,pendant,data\catalogue\etsy\cleaned_images\1803827927.jpg,"[0.7650622129440308, 0.8169686794281006, 0.795945405960083]",0.8064570426940918,test4.jpeg,17
4582151785,Unicorn Statement Ring Gold Vintage Style Brass Jewelry Medieval Fantasy Accessory Horse Cocktail Ring,ring,data\catalogue\etsy\cleaned_images\4582151785.jpg,[0.8063874840736389],0.8063874840736389,test4.jpeg,18
1809676933,"Personalized Birthstone Bracelet, Gift for Mother in Law or Mother of the Bride",bracelet,data\catalogue\etsy\cleaned_images\1809676933.jpg,[0.8056421279907227],0.8056421279907227,test4.jpeg,19
597417564,"Vintage 1940s Thai Dancing Girl Earrings, Enamel Filigree, Mid-Century Modern (Screw-Back), Thailand",earring,data\catalogue\etsy\cleaned_images\597417564.jpg,"[0.7969726324081421, 0.8141099810600281]",0.8055413067340851,test4.jpeg,20
753628604,Vintage Art Deco Style Yellow Gold Tone Bib Style Twisted Design Necklace Jewelry   K#26,necklace,data\catalogue\etsy\cleaned_images\753628604.jpg,"[0.7848671674728394, 0.87319016456604, 0.8789019584655762]",0.8760460615158081,test5.jpeg,1
938207815,Vintage Marquise Decorative Gold Brass Chain Link Bracelet,bracelet,data\catalogue\etsy\cleaned_images\938207815.jpg,"[0.8280673027038574, 0.8684102296829224, 0.8673284649848938]",0.8678693473339081,test5.jpeg,2
767435713,Vintage Art Deco Style Yellow Gold Tone Chain Design Dangle Necklace Jewelry   K#28,necklace,data\catalogue\etsy\cleaned_images\767435713.jpg,"[0.7897757291793823, 0.8645060062408447, 0.8644485473632812]",0.864477276802063,test5.jpeg,3
468796399,"14K Solid Gold Delicate Bracelet, 14K Dainty Chain Bracelet, 14K Thin Gold Chain Bracelet, 14K Layering Bracelet, 14K Minimalist Bracelet",bracelet,data\catalogue\etsy\cleaned_images\468796399.jpg,"[0.8570484519004822, 0.8608391880989075]",0.8589438199996948,test5.jpeg,4
4582175884,Vintage 10k Gold Curb Link Bracelet 7’’ with Sister Twin Hook Clasp,bracelet,data\catalogue\etsy\cleaned_images\4582175884.jpg,"[0.8323398232460022, 0.8640310168266296, 0.8537880778312683]",0.858909547328949,test5.jpeg,5
4510422007,"Dapped Chain Bracelet: Gold Filled, Diamond Cut",bracelet,data\catalogue\etsy\cleaned_images\4510422007.jpg,"[0.8599669337272644, 0.8551972508430481]",0.8575820922851562,test5.jpeg,6
1737979805,8 Pixel Side Firing Accent &quot;Ring&quot;,ring,data\catalogue\etsy\cleaned_images\1737979805.jpg,[0.856110692024231],0.856110692024231,test5.jpeg,7
129202825,Vintage yellow gold tone Enameled  Childs Etched Floral SET 3 Bangle Bracelets     W,bracelet,data\catalogue\etsy\cleaned_images\129202825.jpg,"[0.8604543209075928, 0.8513588905334473]",0.85590660572052,test5.jpeg,8
4376706161,"Bible Verse Necklace, Cute Christian Jewelry For Women, Jesus Necklace, Christian Gift Christmas Necklace for Her Dainty Curved Bar Necklace",necklace,data\catalogue\etsy\cleaned_images\4376706161.jpg,"[0.8349696397781372, 0.8640204071998596, 0.7680606842041016]",0.8494950234889984,test5.jpeg,9
1510796672,Braided Brass Torque Choker: Viking Tribal Necklace,necklace,data\catalogue\etsy\cleaned_images\1510796672.jpg,"[0.8137689828872681, 0.8440088033676147, 0.8500484228134155]",0.8470286130905151,test5.jpeg,10
767542185,Vintage Art Deco Style Yellow Gold Tone Faux Pearl Round Bib Style Round Necklace Jewelry K#14,necklace,data\catalogue\etsy\cleaned_images\767542185.jpg,"[0.7879071831703186, 0.8402513265609741, 0.8510214686393738]",0.845636397600174,test5.jpeg,11
4582180915,"Dainty Gold Anklet, Water Resistant Bracelet, Gold Chain Anklet Bracelet, Every Day Bracelet, Anklet for Women, Beach Jewelry",bracelet,data\catalogue\etsy\cleaned_images\4582180915.jpg,[0.8454116582870483],0.8454116582870483,test5.jpeg,12
288698857,"gold ear climber with hammered texture, handcrafted ear crawler earrings, minimalist jewelry",earring,data\catalogue\etsy\cleaned_images\288698857.jpg,[0.8429015874862671],0.8429015874862671,test5.jpeg,13
1719035950,10K Solid Yellow and White Gold Diamond Cut Cuban Curb Link Personalized ID Engravable Bracelet For Men and Women FREE ENGRAVING,bracelet,data\catalogue\etsy\cleaned_images\1719035950.jpg,[0.8427244424819946],0.8427244424819946,test5.jpeg,14
767515601,Vintage Art Deco Style Yellow Gold Tone Bib Style Adjustable Multi Strand Necklace Jewelry   K#24,necklace,data\catalogue\etsy\cleaned_images\767515601.jpg,"[0.8439592719078064, 0.8389744758605957]",0.841466873884201,test5.jpeg,15
4402552851,925 Silver Ear Cuff • Non Piercing Earring • Stackable Ear Cuffs • Minimal Unisex Cartilage Jewelry,earring,data\catalogue\etsy\cleaned_images\4402552851.jpg,"[0.8412116169929504, 0.8374029994010925]",0.8393073081970215,test5.jpeg,16
181919377,"14kt Rose Gold Filled Necklace Extender w/ Spring Ring Clasp - 1&quot;, 2&quot;, 3&quot; & 4&quot; - Your Choice of Chain Extender - Custom Extension Chain",ring,data\catalogue\etsy\cleaned_images\181919377.jpg,"[0.7994289398193359, 0.8378724455833435, 0.8378204703330994]",0.8378464579582214,test5.jpeg,17
1767549550,"18K Gold Filled Chain Necklace,Curb Chian,Figaro Chain,Paperclip Chain,Herringbone Chain,Dainty Chain,Twist Chain,Gift for Her,Mothers Day",necklace,data\catalogue\etsy\cleaned_images\1767549550.jpg,"[0.8317987322807312, 0.8406341671943665]",0.8362164497375488,test5.jpeg,18
1776381073,Dainty Pearl Bracelet 14k Gold Filled Genuine Pearls Bride Bracelet Wedding Jewelry Bridesmaid Elegant Birthday Mothers Day Gift for Wife,bracelet,data\catalogue\etsy\cleaned_images\1776381073.jpg,[0.8361415266990662],0.8361415266990662,test5.jpeg,19
1143817832,vintage antique gold tone bangle wire bracelet with round disc on two hooks emblazoned with the initial J set with 7 white rhinestones **M1,bracelet,data\catalogue\etsy\cleaned_images\1143817832.jpg,[0.8358751535415649],0.8358751535415649,test5.jpeg,20
4308360424,14k Pair of Threader Earring Wire Components with Open Ring to Add Charm,earring,data\catalogue\etsy\cleaned_images\4308360424.jpg,"[0.81379234790802, 0.7927784323692322, 0.8342705965042114]",0.8240314722061157,test6.jpeg,1
1588875512,"Bezel Open Hoop Earrings, Stay Close Hoop, Backless Earrings, No Back Jewelry, Tiny CZ Diamond Huggie, Sleeper Half Hoops",earring,data\catalogue\etsy\cleaned_images\1588875512.jpg,[0.8227160573005676],0.8227160573005676,test6.jpeg,2
4582190953,vintage gold-tone bangle bracelet featuring the stamped © MONET maker&#39;s mark on the interior.,bracelet,data\catalogue\etsy\cleaned_images\4582190953.jpg,[0.8219308853149414],0.8219308853149414,test6.jpeg,3
1737979805,8 Pixel Side Firing Accent &quot;Ring&quot;,ring,data\catalogue\etsy\cleaned_images\1737979805.jpg,[0.8219050168991089],0.8219050168991089,test6.jpeg,4
4376706161,"Bible Verse Necklace, Cute Christian Jewelry For Women, Jesus Necklace, Christian Gift Christmas Necklace for Her Dainty Curved Bar Necklace",necklace,data\catalogue\etsy\cleaned_images\4376706161.jpg,"[0.7892730236053467, 0.8021097183227539, 0.8365532159805298]",0.8193314671516418,test6.jpeg,5
288698857,"gold ear climber with hammered texture, handcrafted ear crawler earrings, minimalist jewelry",earring,data\catalogue\etsy\cleaned_images\288698857.jpg,"[0.7887027263641357, 0.7814195156097412, 0.8487136960029602]",0.818708211183548,test6.jpeg,6
4582180915,"Dainty Gold Anklet, Water Resistant Bracelet, Gold Chain Anklet Bracelet, Every Day Bracelet, Anklet for Women, Beach Jewelry",bracelet,data\catalogue\etsy\cleaned_images\4582180915.jpg,[0.8181495666503906],0.8181495666503906,test6.jpeg,7
1767549550,"18K Gold Filled Chain Necklace,Curb Chian,Figaro Chain,Paperclip Chain,Herringbone Chain,Dainty Chain,Twist Chain,Gift for Her,Mothers Day",necklace,data\catalogue\etsy\cleaned_images\1767549550.jpg,"[0.8033273220062256, 0.827648401260376]",0.8154878616333008,test6.jpeg,8
181919377,"14kt Rose Gold Filled Necklace Extender w/ Spring Ring Clasp - 1&quot;, 2&quot;, 3&quot; & 4&quot; - Your Choice of Chain Extender - Custom Extension Chain",ring,data\catalogue\etsy\cleaned_images\181919377.jpg,"[0.8018566370010376, 0.7823198437690735, 0.8269523978233337]",0.8144045174121857,test6.jpeg,9
1593461046,"14k Solid Gold Simple Hoops, 10mm, 13mm, 14k Real Gold, Mini Plain Huggies, Small White Gold Hoop Everyday Earrings, Tiny Waterproof Huggies",earring,data\catalogue\etsy\cleaned_images\1593461046.jpg,"[0.7917802929878235, 0.7955360412597656, 0.8317187428474426]",0.8136273920536041,test6.jpeg,10
753628604,Vintage Art Deco Style Yellow Gold Tone Bib Style Twisted Design Necklace Jewelry   K#26,necklace,data\catalogue\etsy\cleaned_images\753628604.jpg,[0.81288743019104],0.81288743019104,test6.jpeg,11
4316769200,Thin Solid Sterling Silver Ring - 1mm Round Stacking Band - Sizes 1 to 14 - Dainty Polished Midi Knuckle .925 - Made & Shipped in the USA,ring,data\catalogue\etsy\cleaned_images\4316769200.jpg,"[0.803360641002655, 0.7888616323471069, 0.820122480392456]",0.8117415606975555,test6.jpeg,12
468796399,"14K Solid Gold Delicate Bracelet, 14K Dainty Chain Bracelet, 14K Thin Gold Chain Bracelet, 14K Layering Bracelet, 14K Minimalist Bracelet",bracelet,data\catalogue\etsy\cleaned_images\468796399.jpg,[0.8117383718490601],0.8117383718490601,test6.jpeg,13
1819675075,"STORE CLOSING Dainty Silver or Gold Tone Adjustable Bracelet, Women&#39;s Jewelry",bracelet,data\catalogue\etsy\cleaned_images\1819675075.jpg,[0.8113609552383423],0.8113609552383423,test6.jpeg,14
1776381073,Dainty Pearl Bracelet 14k Gold Filled Genuine Pearls Bride Bracelet Wedding Jewelry Bridesmaid Elegant Birthday Mothers Day Gift for Wife,bracelet,data\catalogue\etsy\cleaned_images\1776381073.jpg,[0.8095166087150574],0.8095166087150574,test6.jpeg,15
767435713,Vintage Art Deco Style Yellow Gold Tone Chain Design Dangle Necklace Jewelry   K#28,necklace,data\catalogue\etsy\cleaned_images\767435713.jpg,[0.808534562587738],0.808534562587738,test6.jpeg,16
4510422007,"Dapped Chain Bracelet: Gold Filled, Diamond Cut",bracelet,data\catalogue\etsy\cleaned_images\4510422007.jpg,"[0.7848701477050781, 0.7814958095550537, 0.8290490508079529]",0.8069595992565155,test6.jpeg,17
694721245,Handmade 10K/14K Solid Gold Stacking Bangle Bracelet (1.50mm),bracelet,data\catalogue\etsy\cleaned_images\694721245.jpg,"[0.8023455739021301, 0.7810523509979248, 0.8093348741531372]",0.8058402240276337,test6.jpeg,18
622933424,Snake Hoop Earring,earring,data\catalogue\etsy\cleaned_images\622933424.jpg,"[0.7903665900230408, 0.819644570350647]",0.8050055801868439,test6.jpeg,19
1532183488,"18K Gold Filled Round Carabiner Clasp,Carabiner Lock Connector,Spring Push Gate for DIY Jewelry Finding Necklace Bracelet",bracelet,data\catalogue\etsy\cleaned_images\1532183488.jpg,[0.8046460151672363],0.8046460151672363,test6.jpeg,20
1750297922,Handmade Indian Jhumki Hoop Earrings: Ethnic Chandbali Jewelry,earring,data\catalogue\etsy\cleaned_images\1750297922.jpg,"[0.7906606197357178, 0.8223196864128113, 0.8466294407844543, 0.803396463394165]",0.8344745635986328,test8.jpeg,1
1866827709,Handmade Sterling Silver Stacking Bangles - Set of 5 Designer Bracelets,bracelet,data\catalogue\etsy\cleaned_images\1866827709.jpg,"[0.7584896683692932, 0.797164797782898, 0.8113559484481812]",0.8042603731155396,test8.jpeg,2
1719047722,Vintage Van Dell Gold Filled GF On Sterling W/ Red Glass  Flower Link Panel Bracelet 6” Vermeil,bracelet,data\catalogue\etsy\cleaned_images\1719047722.jpg,"[0.761884331703186, 0.7824804186820984, 0.8176996111869812]",0.8000900149345398,test8.jpeg,3
1876058487,NEW…Gold plated Large 2” diameter Turkish coin pendant,pendant,data\catalogue\etsy\cleaned_images\1876058487.jpg,[0.7998866438865662],0.7998866438865662,test8.jpeg,4
4521572446,Gold detailed Bird  15&quot; or 19” necklace gold plated pendant original,necklace,data\catalogue\etsy\cleaned_images\4521572446.jpg,[0.7996625900268555],0.7996625900268555,test8.jpeg,5
971657694,"heart huggies, opal huggie earrings, bridesmaid earring, gift for her, sterling silver, opal hoops, holiday, summer jewelry, mothers day",earring,data\catalogue\etsy\cleaned_images\971657694.jpg,"[0.7877011299133301, 0.778447151184082, 0.8109194040298462, 0.7817541360855103]",0.7993102669715881,test8.jpeg,6
1818553616,NEW Goldplated coin row necklace with2 tier drop pendant.,necklace,data\catalogue\etsy\cleaned_images\1818553616.jpg,[0.7993090748786926],0.7993090748786926,test8.jpeg,7
485015892,"Angel Charms, Angel Pendant, Tag Charms, Dangle Charms, Necklace Charms  - 30x25mm - 5ct - #637",pendant,data\catalogue\etsy\cleaned_images\485015892.jpg,[0.7969285845756531],0.7969285845756531,test8.jpeg,8
1803827927,NEW… Goldplated (man on horse) coin pendant,pendant,data\catalogue\etsy\cleaned_images\1803827927.jpg,"[0.7834080457687378, 0.8098006248474121]",0.796604335308075,test8.jpeg,9
4582182242,Vintage Elizabeth Taylor for Avon Eternal Flame rhinestone cabochon clip earrings,earring,data\catalogue\etsy\cleaned_images\4582182242.jpg,"[0.7812437415122986, 0.8085721731185913, 0.782262921333313]",0.7954175472259521,test8.jpeg,10
4445746421,Vintage Native American Style Black Rope Brown Carved Elephant Pendant Necklace,necklace,data\catalogue\etsy\cleaned_images\4445746421.jpg,[0.7945875525474548],0.7945875525474548,test8.jpeg,11
4431792098,Round Crystal Dotted Bezel Pendant CONNECTOR Charm earring components bracelet charm Antique Gold 1 pc (T21),earring,data\catalogue\etsy\cleaned_images\4431792098.jpg,[0.794031023979187],0.794031023979187,test8.jpeg,12
1719035950,10K Solid Yellow and White Gold Diamond Cut Cuban Curb Link Personalized ID Engravable Bracelet For Men and Women FREE ENGRAVING,bracelet,data\catalogue\etsy\cleaned_images\1719035950.jpg,"[0.7443355321884155, 0.7750673890113831, 0.8035129308700562, 0.7830966114997864]",0.7933047711849213,test8.jpeg,13
1329811279,14K Gold Natural Diamond Pear Stud: Miligrain Tragus Helix Earring,earring,data\catalogue\etsy\cleaned_images\1329811279.jpg,"[0.7625663876533508, 0.784096360206604, 0.8004547953605652]",0.7922755777835846,test8.jpeg,14
1861559229,Filigree Heart Astral Necklace,necklace,data\catalogue\etsy\cleaned_images\1861559229.jpg,[0.7918505668640137],0.7918505668640137,test8.jpeg,15
494217396,"Magnetic Clasp Converter - 14kt Yellow Gold Filled Necklace, Anklet or Bracelet Extender Connector - Magnetic Chain Extender",bracelet,data\catalogue\etsy\cleaned_images\494217396.jpg,[0.7912402749061584],0.7912402749061584,test8.jpeg,16
4308354201,Vintage adjustable gold tone w faux turquoise snake ring,ring,data\catalogue\etsy\cleaned_images\4308354201.jpg,"[0.7949725985527039, 0.7860311269760132]",0.7905018627643585,test8.jpeg,17
1776466309,"18K Gold PVD Miami Cuban Link Bracelet, Heavy Waterproof Stainless Steel Cuban Bracelet, Box Clasp, Unisex Jewelry, 8mm–16mm",bracelet,data\catalogue\etsy\cleaned_images\1776466309.jpg,"[0.766402542591095, 0.7954841256141663, 0.7839574813842773]",0.7897208034992218,test8.jpeg,18
4538484584,"Hammered Stackable Bangles Set, Mixed Metal Gold Silver Bracelet, Minimalist Everyday Jewelry",bracelet,data\catalogue\etsy\cleaned_images\4538484584.jpg,"[0.7896043062210083, 0.7876635789871216]",0.7886339426040649,test8.jpeg,19
866857865,"Ethnic Silver Mirror Necklace Earring Set, Indian Jewelry",necklace,data\catalogue\etsy\cleaned_images\866857865.jpg,[0.7880947589874268],0.7880947589874268,test8.jpeg,20
