listing_id,title,category,similarity,image_path,query_image,rank
1737979805,8 Pixel Side Firing Accent &quot;Ring&quot;,ring,0.8752079606056213,data\catalogue\etsy\cleaned_images\1737979805.jpg,test1.jpeg,1
4352924968,"2pcs 18K Gold Plated Oval Clasp,Oval Screw Clasp,Necklace Bracelet Component Clasp ,for DIY Jewelry",bracelet,0.8747737407684326,data\catalogue\etsy\cleaned_images\4352924968.jpg,test1.jpeg,2
1546363765,"Gold Necklace Clasp,18K Gold Filled Lobster Clasp Gold Lobster Claw for DIY Jewelry Finding Necklace Bracelet",bracelet,0.8685310482978821,data\catalogue\etsy\cleaned_images\1546363765.jpg,test1.jpeg,3
4374560212,1 Piece Beer  Quartz Carved Polished Single Gemstone Ring| Hand Carved Ring Size,ring,0.8563435077667236,data\catalogue\etsy\cleaned_images\4374560212.jpg,test1.jpeg,4
4336278483,"Bold Polished Circle Connector in 18K Gold Filled, Perfect for Customizing Charm Bracelets or Bags 14.8mm",bracelet,0.8561140894889832,data\catalogue\etsy\cleaned_images\4336278483.jpg,test1.jpeg,5
4348781927,Organic Diamond Wave Ring by Caitlyn Minimalist • Curved Marquise Diamond Stacking Ring • Unique Arc Wedding Band • Anniversary Gift • RR191,ring,0.8530939817428589,data\catalogue\etsy\cleaned_images\4348781927.jpg,test1.jpeg,6
4486784495,"Smoky Quartz Ring 925 Sterling Silver, Oval Gemstone Ring, Brown Quartz Statement Ring, Handmade Minimalist Jewelry, Gift for Her",ring,0.8425089120864868,data\catalogue\etsy\cleaned_images\4486784495.jpg,test1.jpeg,7
1532183488,"18K Gold Filled Round Carabiner Clasp,Carabiner Lock Connector,Spring Push Gate for DIY Jewelry Finding Necklace Bracelet",bracelet,0.8359308242797852,data\catalogue\etsy\cleaned_images\1532183488.jpg,test1.jpeg,8
769186820,"Hammered 14K Gold Filled Toe Ring, Adjustable Midi Ring",ring,0.8343436121940613,data\catalogue\etsy\cleaned_images\769186820.jpg,test1.jpeg,9
745678143,"Personalized Gold Ring, Engraved Ring, Wide Gold Band, Thick Gold Filled Ring, Affordable Wedding Band, Simple Gold Ring, Initial Ring",ring,0.8326387405395508,data\catalogue\etsy\cleaned_images\745678143.jpg,test1.jpeg,10
4320646886,D-Knot-Handmade 14K Gold Filled Sailor Knot Ring,ring,0.8285952806472778,data\catalogue\etsy\cleaned_images\4320646886.jpg,test1.jpeg,11
4486912986,"5 CT Radiant Cut Moissanite Ring, Radiant Engagement Ring, Bridal Pave & Hidden Halo Wedding Ring, Classic Prongs Ring, Bridal Ring",ring,0.8285682201385498,data\catalogue\etsy\cleaned_images\4486912986.jpg,test1.jpeg,12
4402552851,925 Silver Ear Cuff • Non Piercing Earring • Stackable Ear Cuffs • Minimal Unisex Cartilage Jewelry,earring,0.8260184526443481,data\catalogue\etsy\cleaned_images\4402552851.jpg,test1.jpeg,13
4582190953,vintage gold-tone bangle bracelet featuring the stamped © MONET maker&#39;s mark on the interior.,bracelet,0.8243911266326904,data\catalogue\etsy\cleaned_images\4582190953.jpg,test1.jpeg,14
4341870015,Old Miner&#39;s Cut Moissanite Signet Ring: Sterling Silver Bezel Set,ring,0.8219864368438721,data\catalogue\etsy\cleaned_images\4341870015.jpg,test1.jpeg,15
4522721891,Gothic Oval White Moissanite Moth Engagement Ring Nature Inspired Gold Ring Sculpted Promise Ring Vintage Bridal Ring Unique Gift For Her,ring,0.8212809562683105,data\catalogue\etsy\cleaned_images\4522721891.jpg,test1.jpeg,16
4445713694,Fresh Water Pearl Vine Ring – Deep Elegance & Bold Sophistication,ring,0.8197022676467896,data\catalogue\etsy\cleaned_images\4445713694.jpg,test1.jpeg,17
1041624907,"18k Gold Plated Chain Ring, Sterling Silver, Adjustable",ring,0.8188470602035522,data\catalogue\etsy\cleaned_images\1041624907.jpg,test1.jpeg,18
1718763426,An Exquisite 18K White Gold Solitaire VS Old Mine Cut Diamond Art Deco Antique Ring Size 8.25,ring,0.8179210424423218,data\catalogue\etsy\cleaned_images\1718763426.jpg,test1.jpeg,19
1754081797,"Diamond Stacking Ring, Dainty Ring, Gemstone Ring, Stacking Ring, Minimalist Ring, Sterling Silver Ring, Gift for Her, CZ Ring, Simple Ring",ring,0.8173850774765015,data\catalogue\etsy\cleaned_images\1754081797.jpg,test1.jpeg,20
256613157,"Blue Sapphire Earrings, September Birthstones, Crown Set Sapphire, Sterling Silver Sapphires, Oval Sapphire Earrings, Dark Blue Sapphire Set",earring,0.7901734113693237,data\catalogue\etsy\cleaned_images\256613157.jpg,test2.jpeg,1
1885800189,"Champagne and Navy Blue Drop Earrings, Denim Blue Crystal Earrings, Gold and Navy Bridal Earrings, Champagne Crystal Dangle Earrings",earring,0.7812846899032593,data\catalogue\etsy\cleaned_images\1885800189.jpg,test2.jpeg,2
4577967890,Vintage 10K White Gold Blue Aquamarine & CZ Drop Dangle Earrings,earring,0.7812017202377319,data\catalogue\etsy\cleaned_images\4577967890.jpg,test2.jpeg,3
1015877397,Sage Green and Purple Czech Crystal Earrings,earring,0.7794911861419678,data\catalogue\etsy\cleaned_images\1015877397.jpg,test2.jpeg,4
767535113,Vintage Art Deco Style Silver Tone Blue Glass Stone Pendant Dangle Line LInk Necklace Jewelry   K#17,necklace,0.7720405459403992,data\catalogue\etsy\cleaned_images\767535113.jpg,test2.jpeg,5
1185707075,"Juliana Blue Keystone Bracelet, Brooch and Earrings Aurora Borealis Accent",bracelet,0.7714722156524658,data\catalogue\etsy\cleaned_images\1185707075.jpg,test2.jpeg,6
4577954309,Vintage 10K White Gold Blue Topaz Flower Earrings,earring,0.7681489586830139,data\catalogue\etsy\cleaned_images\4577954309.jpg,test2.jpeg,7
969381825,Garnet Red Crystal Drop Earrings Classic Sparkling Indian Ruby Solitaire Swarovski Dark Oxidized Gunmetal Gold Matt Silver January July,earring,0.7658407688140869,data\catalogue\etsy\cleaned_images\969381825.jpg,test2.jpeg,8
1860278397,Vintage Tricia&#39;s Gold Vermeil Finish Sterling Artisan Clip On Earrings,earring,0.7637683749198914,data\catalogue\etsy\cleaned_images\1860278397.jpg,test2.jpeg,9
240739186,Petite Blue Agate Pendant- Tumbled Blue Agate Pendant with Silver Plated Bail (S81B8-05),pendant,0.7604236602783203,data\catalogue\etsy\cleaned_images\240739186.jpg,test2.jpeg,10
1719052892,Lapis Lazuli Austrian crystal pendant w/paper clip necklace (20in) in stainless steel,necklace,0.759223222732544,data\catalogue\etsy\cleaned_images\1719052892.jpg,test2.jpeg,11
4422617859,"Vintage Inspired Stone Sunburst Earrings, Gold Earrings, Stone Earrings, Cottagecore Art Deco Boho Minimalist Jewelry, Gift for Her",earring,0.7588432431221008,data\catalogue\etsy\cleaned_images\4422617859.jpg,test2.jpeg,12
1810769505,"10K Yellow Gold Aquamarine Stud Earrings, March Birthstone 6x4mm",earring,0.7584846019744873,data\catalogue\etsy\cleaned_images\1810769505.jpg,test2.jpeg,13
1719035860,Regatta and Cornflower Blue ombré clay earrings with pearl detail. Moroccan inspired design. Silver hardware. Nickel-free.,earring,0.7568220496177673,data\catalogue\etsy\cleaned_images\1719035860.jpg,test2.jpeg,14
1074779882,"Festive Mid Century Orange Dangles, Vintage Statement Earrings, unworn dead stock on original card",earring,0.7566153407096863,data\catalogue\etsy\cleaned_images\1074779882.jpg,test2.jpeg,15
1580521169,New  Set Of 2 Charms Cinderella Signature Murano / Disney Charms for Pandora Moments bracelet / s925 Sterling Silver / Velvet Gift Pouch,bracelet,0.7547941207885742,data\catalogue\etsy\cleaned_images\1580521169.jpg,test2.jpeg,16
616571477,Sapphire Earrings Navy Blue Necklace Bracelet: Bridal Bridesmaid sapphire birthstone jewelry gift,earring,0.7546552419662476,data\catalogue\etsy\cleaned_images\616571477.jpg,test2.jpeg,17
4445719002,"Dainty Hamsa Dangle Earrings, Gold Filled or Rose Gold Filled CZ Studs, Jewish Protection Jewelry, Bat Mitzvah Gift",earring,0.7543482780456543,data\catalogue\etsy\cleaned_images\4445719002.jpg,test2.jpeg,18
807207376,Solid 14k Gold Swiss Blue Topaz Emerald Cut Ring,ring,0.7538120150566101,data\catalogue\etsy\cleaned_images\807207376.jpg,test2.jpeg,19
265277362,New Silver Austrian CZ A+++ Crystal Chandelier 3&#39;&#39; L  Statement Pierced Earrings,earring,0.7509832382202148,data\catalogue\etsy\cleaned_images\265277362.jpg,test2.jpeg,20
4510426304,Vintage CAMEO + Butterfly BRACELET Ornate Filigree 800 Gilt SILVER Hand-Carved Shell,bracelet,0.8416197896003723,data\catalogue\etsy\cleaned_images\4510426304.jpg,test3.jpeg,1
789571660,"Heart of the Matter: Amethyst, Quartz, Kunzite, Labradorite, and Moonstone Pendant",pendant,0.834189236164093,data\catalogue\etsy\cleaned_images\789571660.jpg,test3.jpeg,2
1048787878,Labradorite Sterling Silver Bracelet: Seven Stone Bohemian Jewelry,bracelet,0.8331424593925476,data\catalogue\etsy\cleaned_images\1048787878.jpg,test3.jpeg,3
1782692814,14k Gold 5.60ct Diamond Tennis Bracelet Fabulous,bracelet,0.8328708410263062,data\catalogue\etsy\cleaned_images\1782692814.jpg,test3.jpeg,4
846212192,"Rhinestone Snake Necklace, Swarovski Crystal Serpent, Handmade Chain",necklace,0.8327509164810181,data\catalogue\etsy\cleaned_images\846212192.jpg,test3.jpeg,5
234288585,Natural Dominican Larimar Solid 925 Sterling Silver Butterfly Pendant For Necklace. Free 18&#39;&#39; sterling silver chain,pendant,0.8319689035415649,data\catalogue\etsy\cleaned_images\234288585.jpg,test3.jpeg,6
466311258,"Chunky Charm Bracelet,Vintage Chain,Chocolate Brass,Charm Bracelet,Chunky Bracelet,Bracelet Set, Earrings Included,Mockidesigns,Gift Wrapped",earring,0.8248890042304993,data\catalogue\etsy\cleaned_images\466311258.jpg,test3.jpeg,7
1384875631,Rare to find designer Floral Ring Jewelry Silver Unique Jewelry,ring,0.8238183259963989,data\catalogue\etsy\cleaned_images\1384875631.jpg,test3.jpeg,8
4582154824,"10K White Gold peridot solitaire Vintage Ring Size 6.5, 2.1g",ring,0.8233546018600464,data\catalogue\etsy\cleaned_images\4582154824.jpg,test3.jpeg,9
869651767,"Spiral Coin Pendant, Tribal Ball Dot Charms, Ethnic Spiral Disc Pendant, Matte Antique Silver Plated, 1pc",pendant,0.8226321339607239,data\catalogue\etsy\cleaned_images\869651767.jpg,test3.jpeg,10
601247228,"Sterling Silver Sun, Moon & Stars Ring - Oxidized Celestial Band",ring,0.8212219476699829,data\catalogue\etsy\cleaned_images\601247228.jpg,test3.jpeg,11
4577954309,Vintage 10K White Gold Blue Topaz Flower Earrings,earring,0.8205285668373108,data\catalogue\etsy\cleaned_images\4577954309.jpg,test3.jpeg,12
1765326000,Bracelet with hematite Navajo style pearls 2 adjustable sizes,bracelet,0.8196406364440918,data\catalogue\etsy\cleaned_images\1765326000.jpg,test3.jpeg,13
1861559229,Filigree Heart Astral Necklace,necklace,0.8190573453903198,data\catalogue\etsy\cleaned_images\1861559229.jpg,test3.jpeg,14
1719047722,Vintage Van Dell Gold Filled GF On Sterling W/ Red Glass  Flower Link Panel Bracelet 6” Vermeil,bracelet,0.8172645568847656,data\catalogue\etsy\cleaned_images\1719047722.jpg,test3.jpeg,15
475502886,Tourmaline Dream Pendant,pendant,0.8159922361373901,data\catalogue\etsy\cleaned_images\475502886.jpg,test3.jpeg,16
1393227979,Faceted moonstone in 14k gold pendant,pendant,0.8137682676315308,data\catalogue\etsy\cleaned_images\1393227979.jpg,test3.jpeg,17
815693647,Hemp Macrame Necklace With Marijuana Pendant,pendant,0.8132554888725281,data\catalogue\etsy\cleaned_images\815693647.jpg,test3.jpeg,18
4580709895,The Moon Belongs to Lovers Ring,ring,0.8131704926490784,data\catalogue\etsy\cleaned_images\4580709895.jpg,test3.jpeg,19
789550172,"Galaxy: Tanzanite, Green Tourmaline, and Black Druzy Quartz Necklace",necklace,0.8118575811386108,data\catalogue\etsy\cleaned_images\789550172.jpg,test3.jpeg,20
4582187140,"Rusty rustic pewter bee earrings n34- artisan lamp work in honey color, pagan jewelry, bohemian earrings, primitive jewelry, honey bee",earring,0.797127902507782,data\catalogue\etsy\cleaned_images\4582187140.jpg,test4.jpeg,1
4488441375,khamaseeya framed pendant,pendant,0.7758790254592896,data\catalogue\etsy\cleaned_images\4488441375.jpg,test4.jpeg,2
1869756705,"14k Solid Gold Bismark Chain Bracelet, Stacked Curb Link,Bismarck Bracelet",bracelet,0.7732044458389282,data\catalogue\etsy\cleaned_images\1869756705.jpg,test4.jpeg,3
4582204395,Gold Steampunk Polymer Clay Statement Necklace,necklace,0.7709101438522339,data\catalogue\etsy\cleaned_images\4582204395.jpg,test4.jpeg,4
1750297922,Handmade Indian Jhumki Hoop Earrings: Ethnic Chandbali Jewelry,earring,0.7703278064727783,data\catalogue\etsy\cleaned_images\1750297922.jpg,test4.jpeg,5
1718919882,DON-LIN Vintage 1990&#39;s Beige And Gold Modern Triangular Statement Clip Earrings,earring,0.7702808380126953,data\catalogue\etsy\cleaned_images\1718919882.jpg,test4.jpeg,6
4418392447,Stick Hammered Crystal Bezel Rectangle Pendant Charm earring components charm Preciosa Antique gold 2 pcs (N2),earring,0.7702246308326721,data\catalogue\etsy\cleaned_images\4418392447.jpg,test4.jpeg,7
4445706015,"Garnet Necklace & Earrings Set – Hand Wrapped Gold Wire Jewelry, Minimal Gemstone Chip Matching Set",earring,0.7682938575744629,data\catalogue\etsy\cleaned_images\4445706015.jpg,test4.jpeg,8
1803827927,NEW… Goldplated (man on horse) coin pendant,pendant,0.7650622129440308,data\catalogue\etsy\cleaned_images\1803827927.jpg,test4.jpeg,9
4404802338,Handmade 925 Sterling Silver Cuff | Engraved Floral Boho Bracelet,bracelet,0.763972818851471,data\catalogue\etsy\cleaned_images\4404802338.jpg,test4.jpeg,10
1861559229,Filigree Heart Astral Necklace,necklace,0.7639193534851074,data\catalogue\etsy\cleaned_images\1861559229.jpg,test4.jpeg,11
1732931835,1992 Signed  Modernist Brass Bangle Bracelet,bracelet,0.7615938186645508,data\catalogue\etsy\cleaned_images\1732931835.jpg,test4.jpeg,12
4370396807,Red & Gold Stained Glass Sea Glass Pendant Necklace,necklace,0.75974041223526,data\catalogue\etsy\cleaned_images\4370396807.jpg,test4.jpeg,13
1719047722,Vintage Van Dell Gold Filled GF On Sterling W/ Red Glass  Flower Link Panel Bracelet 6” Vermeil,bracelet,0.7585957050323486,data\catalogue\etsy\cleaned_images\1719047722.jpg,test4.jpeg,14
4582174394,Vintage Signed Coro Blue Rhinestone Clip-On Earrings Gold Tone,earring,0.7580620646476746,data\catalogue\etsy\cleaned_images\4582174394.jpg,test4.jpeg,15
4580708849,The Moon Belongs to Lovers Ring,ring,0.7576438188552856,data\catalogue\etsy\cleaned_images\4580708849.jpg,test4.jpeg,16
235011630,2 Ethnic Multi Strand Link Connector Necklace Finish - Antique Matte Siver Plated,necklace,0.7567965984344482,data\catalogue\etsy\cleaned_images\235011630.jpg,test4.jpeg,17
971657694,"heart huggies, opal huggie earrings, bridesmaid earring, gift for her, sterling silver, opal hoops, holiday, summer jewelry, mothers day",earring,0.7548675537109375,data\catalogue\etsy\cleaned_images\971657694.jpg,test4.jpeg,18
1860278397,Vintage Tricia&#39;s Gold Vermeil Finish Sterling Artisan Clip On Earrings,earring,0.7544517517089844,data\catalogue\etsy\cleaned_images\1860278397.jpg,test4.jpeg,19
1737979805,8 Pixel Side Firing Accent &quot;Ring&quot;,ring,0.7541608810424805,data\catalogue\etsy\cleaned_images\1737979805.jpg,test4.jpeg,20
1737979805,8 Pixel Side Firing Accent &quot;Ring&quot;,ring,0.856110692024231,data\catalogue\etsy\cleaned_images\1737979805.jpg,test5.jpeg,1
4582175884,Vintage 10k Gold Curb Link Bracelet 7’’ with Sister Twin Hook Clasp,bracelet,0.8323398232460022,data\catalogue\etsy\cleaned_images\4582175884.jpg,test5.jpeg,2
938207815,Vintage Marquise Decorative Gold Brass Chain Link Bracelet,bracelet,0.8280673027038574,data\catalogue\etsy\cleaned_images\938207815.jpg,test5.jpeg,3
1510796672,Braided Brass Torque Choker: Viking Tribal Necklace,necklace,0.8137689828872681,data\catalogue\etsy\cleaned_images\1510796672.jpg,test5.jpeg,4
181919377,"14kt Rose Gold Filled Necklace Extender w/ Spring Ring Clasp - 1&quot;, 2&quot;, 3&quot; & 4&quot; - Your Choice of Chain Extender - Custom Extension Chain",ring,0.7994289398193359,data\catalogue\etsy\cleaned_images\181919377.jpg,test5.jpeg,5
4374560212,1 Piece Beer  Quartz Carved Polished Single Gemstone Ring| Hand Carved Ring Size,ring,0.7965655326843262,data\catalogue\etsy\cleaned_images\4374560212.jpg,test5.jpeg,6
4582190953,vintage gold-tone bangle bracelet featuring the stamped © MONET maker&#39;s mark on the interior.,bracelet,0.7957326769828796,data\catalogue\etsy\cleaned_images\4582190953.jpg,test5.jpeg,7
1869756705,"14k Solid Gold Bismark Chain Bracelet, Stacked Curb Link,Bismarck Bracelet",bracelet,0.7939528226852417,data\catalogue\etsy\cleaned_images\1869756705.jpg,test5.jpeg,8
4308360424,14k Pair of Threader Earring Wire Components with Open Ring to Add Charm,earring,0.7915928959846497,data\catalogue\etsy\cleaned_images\4308360424.jpg,test5.jpeg,9
1659410989,Pearl And Gold Bracelet,bracelet,0.7908430099487305,data\catalogue\etsy\cleaned_images\1659410989.jpg,test5.jpeg,10
4471740078,"Handmade Pure Silver Chain Necklace, Antique Oxidized Finish, Unisex Vintage Jewelry",necklace,0.790621817111969,data\catalogue\etsy\cleaned_images\4471740078.jpg,test5.jpeg,11
767435713,Vintage Art Deco Style Yellow Gold Tone Chain Design Dangle Necklace Jewelry   K#28,necklace,0.7897757291793823,data\catalogue\etsy\cleaned_images\767435713.jpg,test5.jpeg,12
767542185,Vintage Art Deco Style Yellow Gold Tone Faux Pearl Round Bib Style Round Necklace Jewelry K#14,necklace,0.7879071831703186,data\catalogue\etsy\cleaned_images\767542185.jpg,test5.jpeg,13
4418392447,Stick Hammered Crystal Bezel Rectangle Pendant Charm earring components charm Preciosa Antique gold 2 pcs (N2),earring,0.7865257859230042,data\catalogue\etsy\cleaned_images\4418392447.jpg,test5.jpeg,14
4308366229,"Dalilah Bracelet ||| MTO Dainty, Stainless Steel, European 4 in 1 Weave Cuff",bracelet,0.7860731482505798,data\catalogue\etsy\cleaned_images\4308366229.jpg,test5.jpeg,15
1532183488,"18K Gold Filled Round Carabiner Clasp,Carabiner Lock Connector,Spring Push Gate for DIY Jewelry Finding Necklace Bracelet",bracelet,0.7857985496520996,data\catalogue\etsy\cleaned_images\1532183488.jpg,test5.jpeg,16
753628604,Vintage Art Deco Style Yellow Gold Tone Bib Style Twisted Design Necklace Jewelry   K#26,necklace,0.7848671674728394,data\catalogue\etsy\cleaned_images\753628604.jpg,test5.jpeg,17
4334599384,"100% Pure Copper Curb Chain Bracelet, Solid Copper Therapy Chain Anklet Pain Relief & Healing, S-Hook Chain link Jewelry Arthritis Bracelet,",bracelet,0.7819641828536987,data\catalogue\etsy\cleaned_images\4334599384.jpg,test5.jpeg,18
4582168918,Vintage Gold Tone Engraved Initials Ring Sz 8 Free Shipping,ring,0.7813670635223389,data\catalogue\etsy\cleaned_images\4582168918.jpg,test5.jpeg,19
1782692814,14k Gold 5.60ct Diamond Tennis Bracelet Fabulous,bracelet,0.7813570499420166,data\catalogue\etsy\cleaned_images\1782692814.jpg,test5.jpeg,20
1355326341,14k Gold Filled Wire Hoop Earrings: Lightweight Everyday Jewelry,earring,0.8291306495666504,data\catalogue\etsy\cleaned_images\1355326341.jpg,test6.jpeg,1
4582190953,vintage gold-tone bangle bracelet featuring the stamped © MONET maker&#39;s mark on the interior.,bracelet,0.8219308853149414,data\catalogue\etsy\cleaned_images\4582190953.jpg,test6.jpeg,2
1737979805,8 Pixel Side Firing Accent &quot;Ring&quot;,ring,0.8219050168991089,data\catalogue\etsy\cleaned_images\1737979805.jpg,test6.jpeg,3
4308360424,14k Pair of Threader Earring Wire Components with Open Ring to Add Charm,earring,0.81379234790802,data\catalogue\etsy\cleaned_images\4308360424.jpg,test6.jpeg,4
1532183488,"18K Gold Filled Round Carabiner Clasp,Carabiner Lock Connector,Spring Push Gate for DIY Jewelry Finding Necklace Bracelet",bracelet,0.8046460151672363,data\catalogue\etsy\cleaned_images\1532183488.jpg,test6.jpeg,5
4445726329,"Valentine&#39;s day gift Hexagonal enamel finish, gold modern design, buckle bracelet Birthday Gift",bracelet,0.8040398359298706,data\catalogue\etsy\cleaned_images\4445726329.jpg,test6.jpeg,6
4316769200,Thin Solid Sterling Silver Ring - 1mm Round Stacking Band - Sizes 1 to 14 - Dainty Polished Midi Knuckle .925 - Made & Shipped in the USA,ring,0.803360641002655,data\catalogue\etsy\cleaned_images\4316769200.jpg,test6.jpeg,7
694721245,Handmade 10K/14K Solid Gold Stacking Bangle Bracelet (1.50mm),bracelet,0.8023455739021301,data\catalogue\etsy\cleaned_images\694721245.jpg,test6.jpeg,8
181919377,"14kt Rose Gold Filled Necklace Extender w/ Spring Ring Clasp - 1&quot;, 2&quot;, 3&quot; & 4&quot; - Your Choice of Chain Extender - Custom Extension Chain",ring,0.8018566370010376,data\catalogue\etsy\cleaned_images\181919377.jpg,test6.jpeg,9
1573066669,Stainless Steel Choker Necklace: Minimalist Silver Neck Cuff,necklace,0.7983494997024536,data\catalogue\etsy\cleaned_images\1573066669.jpg,test6.jpeg,10
4582187599,"chunky, glossy red resin or Lucite bangle bracelet with a smooth, polished finish",bracelet,0.7978053689002991,data\catalogue\etsy\cleaned_images\4582187599.jpg,test6.jpeg,11
860334552,"14mm 24k Shiny Gold Closed Ring, Circle Connector, Gold Round Charms, Circle Connectors, Round Charms, Gold Plated Findings, AE292",ring,0.795975923538208,data\catalogue\etsy\cleaned_images\860334552.jpg,test6.jpeg,12
1593461046,"14k Solid Gold Simple Hoops, 10mm, 13mm, 14k Real Gold, Mini Plain Huggies, Small White Gold Hoop Everyday Earrings, Tiny Waterproof Huggies",earring,0.7917802929878235,data\catalogue\etsy\cleaned_images\1593461046.jpg,test6.jpeg,13
4376706161,"Bible Verse Necklace, Cute Christian Jewelry For Women, Jesus Necklace, Christian Gift Christmas Necklace for Her Dainty Curved Bar Necklace",necklace,0.7892730236053467,data\catalogue\etsy\cleaned_images\4376706161.jpg,test6.jpeg,14
288698857,"gold ear climber with hammered texture, handcrafted ear crawler earrings, minimalist jewelry",earring,0.7887027263641357,data\catalogue\etsy\cleaned_images\288698857.jpg,test6.jpeg,15
1510796672,Braided Brass Torque Choker: Viking Tribal Necklace,necklace,0.7870017290115356,data\catalogue\etsy\cleaned_images\1510796672.jpg,test6.jpeg,16
4374560212,1 Piece Beer  Quartz Carved Polished Single Gemstone Ring| Hand Carved Ring Size,ring,0.7862275242805481,data\catalogue\etsy\cleaned_images\4374560212.jpg,test6.jpeg,17
938207815,Vintage Marquise Decorative Gold Brass Chain Link Bracelet,bracelet,0.7852269411087036,data\catalogue\etsy\cleaned_images\938207815.jpg,test6.jpeg,18
4510422007,"Dapped Chain Bracelet: Gold Filled, Diamond Cut",bracelet,0.7848701477050781,data\catalogue\etsy\cleaned_images\4510422007.jpg,test6.jpeg,19
4418392447,Stick Hammered Crystal Bezel Rectangle Pendant Charm earring components charm Preciosa Antique gold 2 pcs (N2),earring,0.7836450338363647,data\catalogue\etsy\cleaned_images\4418392447.jpg,test6.jpeg,20
1750297922,Handmade Indian Jhumki Hoop Earrings: Ethnic Chandbali Jewelry,earring,0.7906606197357178,data\catalogue\etsy\cleaned_images\1750297922.jpg,test8.jpeg,1
4538484584,"Hammered Stackable Bangles Set, Mixed Metal Gold Silver Bracelet, Minimalist Everyday Jewelry",bracelet,0.7896043062210083,data\catalogue\etsy\cleaned_images\4538484584.jpg,test8.jpeg,2
971657694,"heart huggies, opal huggie earrings, bridesmaid earring, gift for her, sterling silver, opal hoops, holiday, summer jewelry, mothers day",earring,0.7877011299133301,data\catalogue\etsy\cleaned_images\971657694.jpg,test8.jpeg,3
4348377952,"Pear Drop Sterling Silver Ring, Handmade Dangling Charms Ring, Christmas gift for her",ring,0.7806458473205566,data\catalogue\etsy\cleaned_images\4348377952.jpg,test8.jpeg,4
4445718997,Vintage Gold Tone Cut-Out Dangle Earrings,earring,0.7697200775146484,data\catalogue\etsy\cleaned_images\4445718997.jpg,test8.jpeg,5
597417564,"Vintage 1940s Thai Dancing Girl Earrings, Enamel Filigree, Mid-Century Modern (Screw-Back), Thailand",earring,0.7648749947547913,data\catalogue\etsy\cleaned_images\597417564.jpg,test8.jpeg,6
1718919882,DON-LIN Vintage 1990&#39;s Beige And Gold Modern Triangular Statement Clip Earrings,earring,0.762986958026886,data\catalogue\etsy\cleaned_images\1718919882.jpg,test8.jpeg,7
1329811279,14K Gold Natural Diamond Pear Stud: Miligrain Tragus Helix Earring,earring,0.7625663876533508,data\catalogue\etsy\cleaned_images\1329811279.jpg,test8.jpeg,8
1719047722,Vintage Van Dell Gold Filled GF On Sterling W/ Red Glass  Flower Link Panel Bracelet 6” Vermeil,bracelet,0.761884331703186,data\catalogue\etsy\cleaned_images\1719047722.jpg,test8.jpeg,9
1866827709,Handmade Sterling Silver Stacking Bangles - Set of 5 Designer Bracelets,bracelet,0.7584896683692932,data\catalogue\etsy\cleaned_images\1866827709.jpg,test8.jpeg,10
4373784321,"Regency Earrings: Roman Gold Column, pink tourmalines or blue sapphire faceted Dangles - Historical Replica",earring,0.7539492845535278,data\catalogue\etsy\cleaned_images\4373784321.jpg,test8.jpeg,11
4445581258,14k Fairy Figural Ring,ring,0.7523648738861084,data\catalogue\etsy\cleaned_images\4445581258.jpg,test8.jpeg,12
1869756705,"14k Solid Gold Bismark Chain Bracelet, Stacked Curb Link,Bismarck Bracelet",bracelet,0.7503122091293335,data\catalogue\etsy\cleaned_images\1869756705.jpg,test8.jpeg,13
1246764264,Neutral Tones and Gold Half Circle Earrings,earring,0.7501526474952698,data\catalogue\etsy\cleaned_images\1246764264.jpg,test8.jpeg,14
4305302983,2.0 Carat Pear Cut Lab Created Diamond Earrings: Sterling Silver Platinum Overlay,earring,0.7483293414115906,data\catalogue\etsy\cleaned_images\4305302983.jpg,test8.jpeg,15
1753630104,"Ammonite Stone pendant, new silver jewelry, Gemstone silver pendant, 925 Sterling silver pendant, Handmade jewelry, silver gift items,",pendant,0.7469009757041931,data\catalogue\etsy\cleaned_images\1753630104.jpg,test8.jpeg,16
4422617859,"Vintage Inspired Stone Sunburst Earrings, Gold Earrings, Stone Earrings, Cottagecore Art Deco Boho Minimalist Jewelry, Gift for Her",earring,0.7467371821403503,data\catalogue\etsy\cleaned_images\4422617859.jpg,test8.jpeg,17
4445719002,"Dainty Hamsa Dangle Earrings, Gold Filled or Rose Gold Filled CZ Studs, Jewish Protection Jewelry, Bat Mitzvah Gift",earring,0.7457721829414368,data\catalogue\etsy\cleaned_images\4445719002.jpg,test8.jpeg,18
4568509259,Moonstone Silver Cross Pendant with Sparkling CZ Details - Religious Gift for Her,pendant,0.7457529306411743,data\catalogue\etsy\cleaned_images\4568509259.jpg,test8.jpeg,19
1719035950,10K Solid Yellow and White Gold Diamond Cut Cuban Curb Link Personalized ID Engravable Bracelet For Men and Women FREE ENGRAVING,bracelet,0.7443355321884155,data\catalogue\etsy\cleaned_images\1719035950.jpg,test8.jpeg,20
