query_image,rank,listing_id,category,similarity,image_path
test1.jpeg,1,4507011848,ring,0.8868885636329651,data\catalogue\etsy\expansion_clean\cleaned_images\etsy_4507011848.jpg
test1.jpeg,2,1737979805,ring,0.872657060623169,data\catalogue\etsy\cleaned_images\1737979805.jpg
test1.jpeg,3,4352924968,bracelet,0.8718615770339966,data\catalogue\etsy\cleaned_images\4352924968.jpg
test1.jpeg,4,1546363765,bracelet,0.8680287599563599,data\catalogue\etsy\cleaned_images\1546363765.jpg
test1.jpeg,5,4446488568,ring,0.8604952096939087,data\catalogue\etsy\expansion_clean\cleaned_images\etsy_4446488568.jpg
test2.jpeg,1,256613157,earring,0.78731369972229,data\catalogue\etsy\cleaned_images\256613157.jpg
test2.jpeg,2,1885800189,earring,0.7828202247619629,data\catalogue\etsy\cleaned_images\1885800189.jpg
test2.jpeg,3,4577967890,earring,0.779320240020752,data\catalogue\etsy\cleaned_images\4577967890.jpg
test2.jpeg,4,1015877397,earring,0.7772508859634399,data\catalogue\etsy\cleaned_images\1015877397.jpg
test2.jpeg,5,4583145183,ring,0.7749941945075989,data\catalogue\etsy\expansion_clean\cleaned_images\etsy_4583145183.jpg
test3.jpeg,1,4511146809,ring,0.8600137233734131,data\catalogue\etsy\expansion_clean\cleaned_images\etsy_4511146809.jpg
test3.jpeg,2,642731220,ring,0.8496551513671875,data\catalogue\etsy\expansion_clean\cleaned_images\etsy_642731220.jpg
test3.jpeg,3,4510426304,bracelet,0.836259126663208,data\catalogue\etsy\cleaned_images\4510426304.jpg
test3.jpeg,4,925268458,ring,0.8340573310852051,data\catalogue\etsy\expansion_clean\cleaned_images\etsy_925268458.jpg
test3.jpeg,5,1782692814,bracelet,0.8337547779083252,data\catalogue\etsy\cleaned_images\1782692814.jpg
test4.jpeg,1,4582187140,earring,0.7945361137390137,data\catalogue\etsy\cleaned_images\4582187140.jpg
test4.jpeg,2,4488441375,pendant,0.7772595882415771,data\catalogue\etsy\cleaned_images\4488441375.jpg
test4.jpeg,3,1869756705,bracelet,0.7739054560661316,data\catalogue\etsy\cleaned_images\1869756705.jpg
test4.jpeg,4,4583162508,ring,0.7718718647956848,data\catalogue\etsy\expansion_clean\cleaned_images\etsy_4583162508.jpg
test4.jpeg,5,4418392447,earring,0.7690739035606384,data\catalogue\etsy\cleaned_images\4418392447.jpg
test5.jpeg,1,1737979805,ring,0.8541792631149292,data\catalogue\etsy\cleaned_images\1737979805.jpg
test5.jpeg,2,590602491,ring,0.8465985655784607,data\catalogue\etsy\expansion_clean\cleaned_images\etsy_590602491.jpg
test5.jpeg,3,4503232716,ring,0.8395881652832031,data\catalogue\etsy\expansion_clean\cleaned_images\etsy_4503232716.jpg
test5.jpeg,4,4582175884,bracelet,0.827182412147522,data\catalogue\etsy\cleaned_images\4582175884.jpg
test5.jpeg,5,938207815,bracelet,0.8229649066925049,data\catalogue\etsy\cleaned_images\938207815.jpg
test6.jpeg,1,590602491,ring,0.839678943157196,data\catalogue\etsy\expansion_clean\cleaned_images\etsy_590602491.jpg
test6.jpeg,2,1355326341,earring,0.8283604383468628,data\catalogue\etsy\cleaned_images\1355326341.jpg
test6.jpeg,3,4503232716,ring,0.8274741172790527,data\catalogue\etsy\expansion_clean\cleaned_images\etsy_4503232716.jpg
test6.jpeg,4,1737979805,ring,0.8220499753952026,data\catalogue\etsy\cleaned_images\1737979805.jpg
test6.jpeg,5,4582190953,bracelet,0.8176233172416687,data\catalogue\etsy\cleaned_images\4582190953.jpg
test8.jpeg,1,971657694,earring,0.7934483289718628,data\catalogue\etsy\cleaned_images\971657694.jpg
test8.jpeg,2,1750297922,earring,0.7908788919448853,data\catalogue\etsy\cleaned_images\1750297922.jpg
test8.jpeg,3,4538484584,bracelet,0.789186954498291,data\catalogue\etsy\cleaned_images\4538484584.jpg
test8.jpeg,4,4348377952,ring,0.7773666381835938,data\catalogue\etsy\cleaned_images\4348377952.jpg
test8.jpeg,5,1718919882,earring,0.7670280933380127,data\catalogue\etsy\cleaned_images\1718919882.jpg
