query_filename,ground_truth_listing_id,source_listing_id,condition,source_image_path,random_seed
4374702628_bad_lighting.jpg,4374702628,4374702628,bad_lighting,data\catalogue\etsy\expansion_clean\cleaned_images\etsy_4374702628.jpg,42
4374702628_brightness_contrast.jpg,4374702628,4374702628,brightness_contrast,data\catalogue\etsy\expansion_clean\cleaned_images\etsy_4374702628.jpg,42
4374702628_blur.jpg,4374702628,4374702628,blur,data\catalogue\etsy\expansion_clean\cleaned_images\etsy_4374702628.jpg,42
4374702628_rotation.jpg,4374702628,4374702628,rotation,data\catalogue\etsy\expansion_clean\cleaned_images\etsy_4374702628.jpg,42
4374702628_partial_crop.jpg,4374702628,4374702628,partial_crop,data\catalogue\etsy\expansion_clean\cleaned_images\etsy_4374702628.jpg,42
4374702628_partial_occlusion.jpg,4374702628,4374702628,partial_occlusion,data\catalogue\etsy\expansion_clean\cleaned_images\etsy_4374702628.jpg,42
4374702628_background_clutter.jpg,4374702628,4374702628,background_clutter,data\catalogue\etsy\expansion_clean\cleaned_images\etsy_4374702628.jpg,42
4374702628_image_noise.jpg,4374702628,4374702628,image_noise,data\catalogue\etsy\expansion_clean\cleaned_images\etsy_4374702628.jpg,42
4374702628_perspective_distortion.jpg,4374702628,4374702628,perspective_distortion,data\catalogue\etsy\expansion_clean\cleaned_images\etsy_4374702628.jpg,42
4374702628_combined_difficult.jpg,4374702628,4374702628,combined_difficult,data\catalogue\etsy\expansion_clean\cleaned_images\etsy_4374702628.jpg,42
4359431295_bad_lighting.jpg,4359431295,4359431295,bad_lighting,data\catalogue\etsy\cleaned_images\4359431295.jpg,42
4359431295_brightness_contrast.jpg,4359431295,4359431295,brightness_contrast,data\catalogue\etsy\cleaned_images\4359431295.jpg,42
4359431295_blur.jpg,4359431295,4359431295,blur,data\catalogue\etsy\cleaned_images\4359431295.jpg,42
4359431295_rotation.jpg,4359431295,4359431295,rotation,data\catalogue\etsy\cleaned_images\4359431295.jpg,42
4359431295_partial_crop.jpg,4359431295,4359431295,partial_crop,data\catalogue\etsy\cleaned_images\4359431295.jpg,42
4359431295_partial_occlusion.jpg,4359431295,4359431295,partial_occlusion,data\catalogue\etsy\cleaned_images\4359431295.jpg,42
4359431295_background_clutter.jpg,4359431295,4359431295,background_clutter,data\catalogue\etsy\cleaned_images\4359431295.jpg,42
4359431295_image_noise.jpg,4359431295,4359431295,image_noise,data\catalogue\etsy\cleaned_images\4359431295.jpg,42
4359431295_perspective_distortion.jpg,4359431295,4359431295,perspective_distortion,data\catalogue\etsy\cleaned_images\4359431295.jpg,42
4359431295_combined_difficult.jpg,4359431295,4359431295,combined_difficult,data\catalogue\etsy\cleaned_images\4359431295.jpg,42
622214926_bad_lighting.jpg,622214926,622214926,bad_lighting,data\catalogue\etsy\cleaned_images\622214926.jpg,42
622214926_brightness_contrast.jpg,622214926,622214926,brightness_contrast,data\catalogue\etsy\cleaned_images\622214926.jpg,42
622214926_blur.jpg,622214926,622214926,blur,data\catalogue\etsy\cleaned_images\622214926.jpg,42
622214926_rotation.jpg,622214926,622214926,rotation,data\catalogue\etsy\cleaned_images\622214926.jpg,42
622214926_partial_crop.jpg,622214926,622214926,partial_crop,data\catalogue\etsy\cleaned_images\622214926.jpg,42
622214926_partial_occlusion.jpg,622214926,622214926,partial_occlusion,data\catalogue\etsy\cleaned_images\622214926.jpg,42
622214926_background_clutter.jpg,622214926,622214926,background_clutter,data\catalogue\etsy\cleaned_images\622214926.jpg,42
622214926_image_noise.jpg,622214926,622214926,image_noise,data\catalogue\etsy\cleaned_images\622214926.jpg,42
622214926_perspective_distortion.jpg,622214926,622214926,perspective_distortion,data\catalogue\etsy\cleaned_images\622214926.jpg,42
622214926_combined_difficult.jpg,622214926,622214926,combined_difficult,data\catalogue\etsy\cleaned_images\622214926.jpg,42
547042416_bad_lighting.jpg,547042416,547042416,bad_lighting,data\catalogue\etsy\expansion_clean\cleaned_images\etsy_547042416.jpg,42
547042416_brightness_contrast.jpg,547042416,547042416,brightness_contrast,data\catalogue\etsy\expansion_clean\cleaned_images\etsy_547042416.jpg,42
547042416_blur.jpg,547042416,547042416,blur,data\catalogue\etsy\expansion_clean\cleaned_images\etsy_547042416.jpg,42
547042416_rotation.jpg,547042416,547042416,rotation,data\catalogue\etsy\expansion_clean\cleaned_images\etsy_547042416.jpg,42
547042416_partial_crop.jpg,547042416,547042416,partial_crop,data\catalogue\etsy\expansion_clean\cleaned_images\etsy_547042416.jpg,42
547042416_partial_occlusion.jpg,547042416,547042416,partial_occlusion,data\catalogue\etsy\expansion_clean\cleaned_images\etsy_547042416.jpg,42
547042416_background_clutter.jpg,547042416,547042416,background_clutter,data\catalogue\etsy\expansion_clean\cleaned_images\etsy_547042416.jpg,42
547042416_image_noise.jpg,547042416,547042416,image_noise,data\catalogue\etsy\expansion_clean\cleaned_images\etsy_547042416.jpg,42
547042416_perspective_distortion.jpg,547042416,547042416,perspective_distortion,data\catalogue\etsy\expansion_clean\cleaned_images\etsy_547042416.jpg,42
547042416_combined_difficult.jpg,547042416,547042416,combined_difficult,data\catalogue\etsy\expansion_clean\cleaned_images\etsy_547042416.jpg,42
4479465976_bad_lighting.jpg,4479465976,4479465976,bad_lighting,data\catalogue\etsy\cleaned_images\4479465976.jpg,42
4479465976_brightness_contrast.jpg,4479465976,4479465976,brightness_contrast,data\catalogue\etsy\cleaned_images\4479465976.jpg,42
4479465976_blur.jpg,4479465976,4479465976,blur,data\catalogue\etsy\cleaned_images\4479465976.jpg,42
4479465976_rotation.jpg,4479465976,4479465976,rotation,data\catalogue\etsy\cleaned_images\4479465976.jpg,42
4479465976_partial_crop.jpg,4479465976,4479465976,partial_crop,data\catalogue\etsy\cleaned_images\4479465976.jpg,42
4479465976_partial_occlusion.jpg,4479465976,4479465976,partial_occlusion,data\catalogue\etsy\cleaned_images\4479465976.jpg,42
4479465976_background_clutter.jpg,4479465976,4479465976,background_clutter,data\catalogue\etsy\cleaned_images\4479465976.jpg,42
4479465976_image_noise.jpg,4479465976,4479465976,image_noise,data\catalogue\etsy\cleaned_images\4479465976.jpg,42
4479465976_perspective_distortion.jpg,4479465976,4479465976,perspective_distortion,data\catalogue\etsy\cleaned_images\4479465976.jpg,42
4479465976_combined_difficult.jpg,4479465976,4479465976,combined_difficult,data\catalogue\etsy\cleaned_images\4479465976.jpg,42
4553789956_bad_lighting.jpg,4553789956,4553789956,bad_lighting,data\catalogue\etsy\cleaned_images\4553789956.jpg,42
4553789956_brightness_contrast.jpg,4553789956,4553789956,brightness_contrast,data\catalogue\etsy\cleaned_images\4553789956.jpg,42
4553789956_blur.jpg,4553789956,4553789956,blur,data\catalogue\etsy\cleaned_images\4553789956.jpg,42
4553789956_rotation.jpg,4553789956,4553789956,rotation,data\catalogue\etsy\cleaned_images\4553789956.jpg,42
4553789956_partial_crop.jpg,4553789956,4553789956,partial_crop,data\catalogue\etsy\cleaned_images\4553789956.jpg,42
4553789956_partial_occlusion.jpg,4553789956,4553789956,partial_occlusion,data\catalogue\etsy\cleaned_images\4553789956.jpg,42
4553789956_background_clutter.jpg,4553789956,4553789956,background_clutter,data\catalogue\etsy\cleaned_images\4553789956.jpg,42
4553789956_image_noise.jpg,4553789956,4553789956,image_noise,data\catalogue\etsy\cleaned_images\4553789956.jpg,42
4553789956_perspective_distortion.jpg,4553789956,4553789956,perspective_distortion,data\catalogue\etsy\cleaned_images\4553789956.jpg,42
4553789956_combined_difficult.jpg,4553789956,4553789956,combined_difficult,data\catalogue\etsy\cleaned_images\4553789956.jpg,42
4511137547_bad_lighting.jpg,4511137547,4511137547,bad_lighting,data\catalogue\etsy\expansion_clean\cleaned_images\etsy_4511137547.jpg,42
4511137547_brightness_contrast.jpg,4511137547,4511137547,brightness_contrast,data\catalogue\etsy\expansion_clean\cleaned_images\etsy_4511137547.jpg,42
4511137547_blur.jpg,4511137547,4511137547,blur,data\catalogue\etsy\expansion_clean\cleaned_images\etsy_4511137547.jpg,42
4511137547_rotation.jpg,4511137547,4511137547,rotation,data\catalogue\etsy\expansion_clean\cleaned_images\etsy_4511137547.jpg,42
4511137547_partial_crop.jpg,4511137547,4511137547,partial_crop,data\catalogue\etsy\expansion_clean\cleaned_images\etsy_4511137547.jpg,42
4511137547_partial_occlusion.jpg,4511137547,4511137547,partial_occlusion,data\catalogue\etsy\expansion_clean\cleaned_images\etsy_4511137547.jpg,42
4511137547_background_clutter.jpg,4511137547,4511137547,background_clutter,data\catalogue\etsy\expansion_clean\cleaned_images\etsy_4511137547.jpg,42
4511137547_image_noise.jpg,4511137547,4511137547,image_noise,data\catalogue\etsy\expansion_clean\cleaned_images\etsy_4511137547.jpg,42
4511137547_perspective_distortion.jpg,4511137547,4511137547,perspective_distortion,data\catalogue\etsy\expansion_clean\cleaned_images\etsy_4511137547.jpg,42
4511137547_combined_difficult.jpg,4511137547,4511137547,combined_difficult,data\catalogue\etsy\expansion_clean\cleaned_images\etsy_4511137547.jpg,42
1874276471_bad_lighting.jpg,1874276471,1874276471,bad_lighting,data\catalogue\etsy\cleaned_images\1874276471.jpg,42
1874276471_brightness_contrast.jpg,1874276471,1874276471,brightness_contrast,data\catalogue\etsy\cleaned_images\1874276471.jpg,42
1874276471_blur.jpg,1874276471,1874276471,blur,data\catalogue\etsy\cleaned_images\1874276471.jpg,42
1874276471_rotation.jpg,1874276471,1874276471,rotation,data\catalogue\etsy\cleaned_images\1874276471.jpg,42
1874276471_partial_crop.jpg,1874276471,1874276471,partial_crop,data\catalogue\etsy\cleaned_images\1874276471.jpg,42
1874276471_partial_occlusion.jpg,1874276471,1874276471,partial_occlusion,data\catalogue\etsy\cleaned_images\1874276471.jpg,42
1874276471_background_clutter.jpg,1874276471,1874276471,background_clutter,data\catalogue\etsy\cleaned_images\1874276471.jpg,42
1874276471_image_noise.jpg,1874276471,1874276471,image_noise,data\catalogue\etsy\cleaned_images\1874276471.jpg,42
1874276471_perspective_distortion.jpg,1874276471,1874276471,perspective_distortion,data\catalogue\etsy\cleaned_images\1874276471.jpg,42
1874276471_combined_difficult.jpg,1874276471,1874276471,combined_difficult,data\catalogue\etsy\cleaned_images\1874276471.jpg,42
4510429730_bad_lighting.jpg,4510429730,4510429730,bad_lighting,data\catalogue\etsy\cleaned_images\4510429730.jpg,42
4510429730_brightness_contrast.jpg,4510429730,4510429730,brightness_contrast,data\catalogue\etsy\cleaned_images\4510429730.jpg,42
4510429730_blur.jpg,4510429730,4510429730,blur,data\catalogue\etsy\cleaned_images\4510429730.jpg,42
4510429730_rotation.jpg,4510429730,4510429730,rotation,data\catalogue\etsy\cleaned_images\4510429730.jpg,42
4510429730_partial_crop.jpg,4510429730,4510429730,partial_crop,data\catalogue\etsy\cleaned_images\4510429730.jpg,42
4510429730_partial_occlusion.jpg,4510429730,4510429730,partial_occlusion,data\catalogue\etsy\cleaned_images\4510429730.jpg,42
4510429730_background_clutter.jpg,4510429730,4510429730,background_clutter,data\catalogue\etsy\cleaned_images\4510429730.jpg,42
4510429730_image_noise.jpg,4510429730,4510429730,image_noise,data\catalogue\etsy\cleaned_images\4510429730.jpg,42
4510429730_perspective_distortion.jpg,4510429730,4510429730,perspective_distortion,data\catalogue\etsy\cleaned_images\4510429730.jpg,42
4510429730_combined_difficult.jpg,4510429730,4510429730,combined_difficult,data\catalogue\etsy\cleaned_images\4510429730.jpg,42
4583140761_bad_lighting.jpg,4583140761,4583140761,bad_lighting,data\catalogue\etsy\expansion_clean\cleaned_images\etsy_4583140761.jpg,42
4583140761_brightness_contrast.jpg,4583140761,4583140761,brightness_contrast,data\catalogue\etsy\expansion_clean\cleaned_images\etsy_4583140761.jpg,42
4583140761_blur.jpg,4583140761,4583140761,blur,data\catalogue\etsy\expansion_clean\cleaned_images\etsy_4583140761.jpg,42
4583140761_rotation.jpg,4583140761,4583140761,rotation,data\catalogue\etsy\expansion_clean\cleaned_images\etsy_4583140761.jpg,42
4583140761_partial_crop.jpg,4583140761,4583140761,partial_crop,data\catalogue\etsy\expansion_clean\cleaned_images\etsy_4583140761.jpg,42
4583140761_partial_occlusion.jpg,4583140761,4583140761,partial_occlusion,data\catalogue\etsy\expansion_clean\cleaned_images\etsy_4583140761.jpg,42
4583140761_background_clutter.jpg,4583140761,4583140761,background_clutter,data\catalogue\etsy\expansion_clean\cleaned_images\etsy_4583140761.jpg,42
4583140761_image_noise.jpg,4583140761,4583140761,image_noise,data\catalogue\etsy\expansion_clean\cleaned_images\etsy_4583140761.jpg,42
4583140761_perspective_distortion.jpg,4583140761,4583140761,perspective_distortion,data\catalogue\etsy\expansion_clean\cleaned_images\etsy_4583140761.jpg,42
4583140761_combined_difficult.jpg,4583140761,4583140761,combined_difficult,data\catalogue\etsy\expansion_clean\cleaned_images\etsy_4583140761.jpg,42
4373815166_bad_lighting.jpg,4373815166,4373815166,bad_lighting,data\catalogue\etsy\cleaned_images\4373815166.jpg,42
4373815166_brightness_contrast.jpg,4373815166,4373815166,brightness_contrast,data\catalogue\etsy\cleaned_images\4373815166.jpg,42
4373815166_blur.jpg,4373815166,4373815166,blur,data\catalogue\etsy\cleaned_images\4373815166.jpg,42
4373815166_rotation.jpg,4373815166,4373815166,rotation,data\catalogue\etsy\cleaned_images\4373815166.jpg,42
4373815166_partial_crop.jpg,4373815166,4373815166,partial_crop,data\catalogue\etsy\cleaned_images\4373815166.jpg,42
4373815166_partial_occlusion.jpg,4373815166,4373815166,partial_occlusion,data\catalogue\etsy\cleaned_images\4373815166.jpg,42
4373815166_background_clutter.jpg,4373815166,4373815166,background_clutter,data\catalogue\etsy\cleaned_images\4373815166.jpg,42
4373815166_image_noise.jpg,4373815166,4373815166,image_noise,data\catalogue\etsy\cleaned_images\4373815166.jpg,42
4373815166_perspective_distortion.jpg,4373815166,4373815166,perspective_distortion,data\catalogue\etsy\cleaned_images\4373815166.jpg,42
4373815166_combined_difficult.jpg,4373815166,4373815166,combined_difficult,data\catalogue\etsy\cleaned_images\4373815166.jpg,42
4376840210_bad_lighting.jpg,4376840210,4376840210,bad_lighting,data\catalogue\etsy\cleaned_images\4376840210.jpg,42
4376840210_brightness_contrast.jpg,4376840210,4376840210,brightness_contrast,data\catalogue\etsy\cleaned_images\4376840210.jpg,42
4376840210_blur.jpg,4376840210,4376840210,blur,data\catalogue\etsy\cleaned_images\4376840210.jpg,42
4376840210_rotation.jpg,4376840210,4376840210,rotation,data\catalogue\etsy\cleaned_images\4376840210.jpg,42
4376840210_partial_crop.jpg,4376840210,4376840210,partial_crop,data\catalogue\etsy\cleaned_images\4376840210.jpg,42
4376840210_partial_occlusion.jpg,4376840210,4376840210,partial_occlusion,data\catalogue\etsy\cleaned_images\4376840210.jpg,42
4376840210_background_clutter.jpg,4376840210,4376840210,background_clutter,data\catalogue\etsy\cleaned_images\4376840210.jpg,42
4376840210_image_noise.jpg,4376840210,4376840210,image_noise,data\catalogue\etsy\cleaned_images\4376840210.jpg,42
4376840210_perspective_distortion.jpg,4376840210,4376840210,perspective_distortion,data\catalogue\etsy\cleaned_images\4376840210.jpg,42
4376840210_combined_difficult.jpg,4376840210,4376840210,combined_difficult,data\catalogue\etsy\cleaned_images\4376840210.jpg,42
1503723364_bad_lighting.jpg,1503723364,1503723364,bad_lighting,data\catalogue\etsy\cleaned_images\1503723364.jpg,42
1503723364_brightness_contrast.jpg,1503723364,1503723364,brightness_contrast,data\catalogue\etsy\cleaned_images\1503723364.jpg,42
1503723364_blur.jpg,1503723364,1503723364,blur,data\catalogue\etsy\cleaned_images\1503723364.jpg,42
1503723364_rotation.jpg,1503723364,1503723364,rotation,data\catalogue\etsy\cleaned_images\1503723364.jpg,42
1503723364_partial_crop.jpg,1503723364,1503723364,partial_crop,data\catalogue\etsy\cleaned_images\1503723364.jpg,42
1503723364_partial_occlusion.jpg,1503723364,1503723364,partial_occlusion,data\catalogue\etsy\cleaned_images\1503723364.jpg,42
1503723364_background_clutter.jpg,1503723364,1503723364,background_clutter,data\catalogue\etsy\cleaned_images\1503723364.jpg,42
1503723364_image_noise.jpg,1503723364,1503723364,image_noise,data\catalogue\etsy\cleaned_images\1503723364.jpg,42
1503723364_perspective_distortion.jpg,1503723364,1503723364,perspective_distortion,data\catalogue\etsy\cleaned_images\1503723364.jpg,42
1503723364_combined_difficult.jpg,1503723364,1503723364,combined_difficult,data\catalogue\etsy\cleaned_images\1503723364.jpg,42
4309162894_bad_lighting.jpg,4309162894,4309162894,bad_lighting,data\catalogue\etsy\expansion_clean\cleaned_images\etsy_4309162894.jpg,42
4309162894_brightness_contrast.jpg,4309162894,4309162894,brightness_contrast,data\catalogue\etsy\expansion_clean\cleaned_images\etsy_4309162894.jpg,42
4309162894_blur.jpg,4309162894,4309162894,blur,data\catalogue\etsy\expansion_clean\cleaned_images\etsy_4309162894.jpg,42
4309162894_rotation.jpg,4309162894,4309162894,rotation,data\catalogue\etsy\expansion_clean\cleaned_images\etsy_4309162894.jpg,42
4309162894_partial_crop.jpg,4309162894,4309162894,partial_crop,data\catalogue\etsy\expansion_clean\cleaned_images\etsy_4309162894.jpg,42
4309162894_partial_occlusion.jpg,4309162894,4309162894,partial_occlusion,data\catalogue\etsy\expansion_clean\cleaned_images\etsy_4309162894.jpg,42
4309162894_background_clutter.jpg,4309162894,4309162894,background_clutter,data\catalogue\etsy\expansion_clean\cleaned_images\etsy_4309162894.jpg,42
4309162894_image_noise.jpg,4309162894,4309162894,image_noise,data\catalogue\etsy\expansion_clean\cleaned_images\etsy_4309162894.jpg,42
4309162894_perspective_distortion.jpg,4309162894,4309162894,perspective_distortion,data\catalogue\etsy\expansion_clean\cleaned_images\etsy_4309162894.jpg,42
4309162894_combined_difficult.jpg,4309162894,4309162894,combined_difficult,data\catalogue\etsy\expansion_clean\cleaned_images\etsy_4309162894.jpg,42
1751683468_bad_lighting.jpg,1751683468,1751683468,bad_lighting,data\catalogue\etsy\cleaned_images\1751683468.jpg,42
1751683468_brightness_contrast.jpg,1751683468,1751683468,brightness_contrast,data\catalogue\etsy\cleaned_images\1751683468.jpg,42
1751683468_blur.jpg,1751683468,1751683468,blur,data\catalogue\etsy\cleaned_images\1751683468.jpg,42
1751683468_rotation.jpg,1751683468,1751683468,rotation,data\catalogue\etsy\cleaned_images\1751683468.jpg,42
1751683468_partial_crop.jpg,1751683468,1751683468,partial_crop,data\catalogue\etsy\cleaned_images\1751683468.jpg,42
1751683468_partial_occlusion.jpg,1751683468,1751683468,partial_occlusion,data\catalogue\etsy\cleaned_images\1751683468.jpg,42
1751683468_background_clutter.jpg,1751683468,1751683468,background_clutter,data\catalogue\etsy\cleaned_images\1751683468.jpg,42
1751683468_image_noise.jpg,1751683468,1751683468,image_noise,data\catalogue\etsy\cleaned_images\1751683468.jpg,42
1751683468_perspective_distortion.jpg,1751683468,1751683468,perspective_distortion,data\catalogue\etsy\cleaned_images\1751683468.jpg,42
1751683468_combined_difficult.jpg,1751683468,1751683468,combined_difficult,data\catalogue\etsy\cleaned_images\1751683468.jpg,42
4401014124_bad_lighting.jpg,4401014124,4401014124,bad_lighting,data\catalogue\etsy\expansion_clean\cleaned_images\etsy_4401014124.jpg,42
4401014124_brightness_contrast.jpg,4401014124,4401014124,brightness_contrast,data\catalogue\etsy\expansion_clean\cleaned_images\etsy_4401014124.jpg,42
4401014124_blur.jpg,4401014124,4401014124,blur,data\catalogue\etsy\expansion_clean\cleaned_images\etsy_4401014124.jpg,42
4401014124_rotation.jpg,4401014124,4401014124,rotation,data\catalogue\etsy\expansion_clean\cleaned_images\etsy_4401014124.jpg,42
4401014124_partial_crop.jpg,4401014124,4401014124,partial_crop,data\catalogue\etsy\expansion_clean\cleaned_images\etsy_4401014124.jpg,42
4401014124_partial_occlusion.jpg,4401014124,4401014124,partial_occlusion,data\catalogue\etsy\expansion_clean\cleaned_images\etsy_4401014124.jpg,42
4401014124_background_clutter.jpg,4401014124,4401014124,background_clutter,data\catalogue\etsy\expansion_clean\cleaned_images\etsy_4401014124.jpg,42
4401014124_image_noise.jpg,4401014124,4401014124,image_noise,data\catalogue\etsy\expansion_clean\cleaned_images\etsy_4401014124.jpg,42
4401014124_perspective_distortion.jpg,4401014124,4401014124,perspective_distortion,data\catalogue\etsy\expansion_clean\cleaned_images\etsy_4401014124.jpg,42
4401014124_combined_difficult.jpg,4401014124,4401014124,combined_difficult,data\catalogue\etsy\expansion_clean\cleaned_images\etsy_4401014124.jpg,42
4538148367_bad_lighting.jpg,4538148367,4538148367,bad_lighting,data\catalogue\etsy\cleaned_images\4538148367.jpg,42
4538148367_brightness_contrast.jpg,4538148367,4538148367,brightness_contrast,data\catalogue\etsy\cleaned_images\4538148367.jpg,42
4538148367_blur.jpg,4538148367,4538148367,blur,data\catalogue\etsy\cleaned_images\4538148367.jpg,42
4538148367_rotation.jpg,4538148367,4538148367,rotation,data\catalogue\etsy\cleaned_images\4538148367.jpg,42
4538148367_partial_crop.jpg,4538148367,4538148367,partial_crop,data\catalogue\etsy\cleaned_images\4538148367.jpg,42
4538148367_partial_occlusion.jpg,4538148367,4538148367,partial_occlusion,data\catalogue\etsy\cleaned_images\4538148367.jpg,42
4538148367_background_clutter.jpg,4538148367,4538148367,background_clutter,data\catalogue\etsy\cleaned_images\4538148367.jpg,42
4538148367_image_noise.jpg,4538148367,4538148367,image_noise,data\catalogue\etsy\cleaned_images\4538148367.jpg,42
4538148367_perspective_distortion.jpg,4538148367,4538148367,perspective_distortion,data\catalogue\etsy\cleaned_images\4538148367.jpg,42
4538148367_combined_difficult.jpg,4538148367,4538148367,combined_difficult,data\catalogue\etsy\cleaned_images\4538148367.jpg,42
4583169274_bad_lighting.jpg,4583169274,4583169274,bad_lighting,data\catalogue\etsy\expansion_clean\cleaned_images\etsy_4583169274.jpg,42
4583169274_brightness_contrast.jpg,4583169274,4583169274,brightness_contrast,data\catalogue\etsy\expansion_clean\cleaned_images\etsy_4583169274.jpg,42
4583169274_blur.jpg,4583169274,4583169274,blur,data\catalogue\etsy\expansion_clean\cleaned_images\etsy_4583169274.jpg,42
4583169274_rotation.jpg,4583169274,4583169274,rotation,data\catalogue\etsy\expansion_clean\cleaned_images\etsy_4583169274.jpg,42
4583169274_partial_crop.jpg,4583169274,4583169274,partial_crop,data\catalogue\etsy\expansion_clean\cleaned_images\etsy_4583169274.jpg,42
4583169274_partial_occlusion.jpg,4583169274,4583169274,partial_occlusion,data\catalogue\etsy\expansion_clean\cleaned_images\etsy_4583169274.jpg,42
4583169274_background_clutter.jpg,4583169274,4583169274,background_clutter,data\catalogue\etsy\expansion_clean\cleaned_images\etsy_4583169274.jpg,42
4583169274_image_noise.jpg,4583169274,4583169274,image_noise,data\catalogue\etsy\expansion_clean\cleaned_images\etsy_4583169274.jpg,42
4583169274_perspective_distortion.jpg,4583169274,4583169274,perspective_distortion,data\catalogue\etsy\expansion_clean\cleaned_images\etsy_4583169274.jpg,42
4583169274_combined_difficult.jpg,4583169274,4583169274,combined_difficult,data\catalogue\etsy\expansion_clean\cleaned_images\etsy_4583169274.jpg,42
4553485453_bad_lighting.jpg,4553485453,4553485453,bad_lighting,data\catalogue\etsy\cleaned_images\4553485453.jpg,42
4553485453_brightness_contrast.jpg,4553485453,4553485453,brightness_contrast,data\catalogue\etsy\cleaned_images\4553485453.jpg,42
4553485453_blur.jpg,4553485453,4553485453,blur,data\catalogue\etsy\cleaned_images\4553485453.jpg,42
4553485453_rotation.jpg,4553485453,4553485453,rotation,data\catalogue\etsy\cleaned_images\4553485453.jpg,42
4553485453_partial_crop.jpg,4553485453,4553485453,partial_crop,data\catalogue\etsy\cleaned_images\4553485453.jpg,42
4553485453_partial_occlusion.jpg,4553485453,4553485453,partial_occlusion,data\catalogue\etsy\cleaned_images\4553485453.jpg,42
4553485453_background_clutter.jpg,4553485453,4553485453,background_clutter,data\catalogue\etsy\cleaned_images\4553485453.jpg,42
4553485453_image_noise.jpg,4553485453,4553485453,image_noise,data\catalogue\etsy\cleaned_images\4553485453.jpg,42
4553485453_perspective_distortion.jpg,4553485453,4553485453,perspective_distortion,data\catalogue\etsy\cleaned_images\4553485453.jpg,42
4553485453_combined_difficult.jpg,4553485453,4553485453,combined_difficult,data\catalogue\etsy\cleaned_images\4553485453.jpg,42
4552236944_bad_lighting.jpg,4552236944,4552236944,bad_lighting,data\catalogue\etsy\cleaned_images\4552236944.jpg,42
4552236944_brightness_contrast.jpg,4552236944,4552236944,brightness_contrast,data\catalogue\etsy\cleaned_images\4552236944.jpg,42
4552236944_blur.jpg,4552236944,4552236944,blur,data\catalogue\etsy\cleaned_images\4552236944.jpg,42
4552236944_rotation.jpg,4552236944,4552236944,rotation,data\catalogue\etsy\cleaned_images\4552236944.jpg,42
4552236944_partial_crop.jpg,4552236944,4552236944,partial_crop,data\catalogue\etsy\cleaned_images\4552236944.jpg,42
4552236944_partial_occlusion.jpg,4552236944,4552236944,partial_occlusion,data\catalogue\etsy\cleaned_images\4552236944.jpg,42
4552236944_background_clutter.jpg,4552236944,4552236944,background_clutter,data\catalogue\etsy\cleaned_images\4552236944.jpg,42
4552236944_image_noise.jpg,4552236944,4552236944,image_noise,data\catalogue\etsy\cleaned_images\4552236944.jpg,42
4552236944_perspective_distortion.jpg,4552236944,4552236944,perspective_distortion,data\catalogue\etsy\cleaned_images\4552236944.jpg,42
4552236944_combined_difficult.jpg,4552236944,4552236944,combined_difficult,data\catalogue\etsy\cleaned_images\4552236944.jpg,42
938342165_bad_lighting.jpg,938342165,938342165,bad_lighting,data\catalogue\etsy\cleaned_images\938342165.jpg,42
938342165_brightness_contrast.jpg,938342165,938342165,brightness_contrast,data\catalogue\etsy\cleaned_images\938342165.jpg,42
938342165_blur.jpg,938342165,938342165,blur,data\catalogue\etsy\cleaned_images\938342165.jpg,42
938342165_rotation.jpg,938342165,938342165,rotation,data\catalogue\etsy\cleaned_images\938342165.jpg,42
938342165_partial_crop.jpg,938342165,938342165,partial_crop,data\catalogue\etsy\cleaned_images\938342165.jpg,42
938342165_partial_occlusion.jpg,938342165,938342165,partial_occlusion,data\catalogue\etsy\cleaned_images\938342165.jpg,42
938342165_background_clutter.jpg,938342165,938342165,background_clutter,data\catalogue\etsy\cleaned_images\938342165.jpg,42
938342165_image_noise.jpg,938342165,938342165,image_noise,data\catalogue\etsy\cleaned_images\938342165.jpg,42
938342165_perspective_distortion.jpg,938342165,938342165,perspective_distortion,data\catalogue\etsy\cleaned_images\938342165.jpg,42
938342165_combined_difficult.jpg,938342165,938342165,combined_difficult,data\catalogue\etsy\cleaned_images\938342165.jpg,42
597417564_bad_lighting.jpg,597417564,597417564,bad_lighting,data\catalogue\etsy\cleaned_images\597417564.jpg,42
597417564_brightness_contrast.jpg,597417564,597417564,brightness_contrast,data\catalogue\etsy\cleaned_images\597417564.jpg,42
597417564_blur.jpg,597417564,597417564,blur,data\catalogue\etsy\cleaned_images\597417564.jpg,42
597417564_rotation.jpg,597417564,597417564,rotation,data\catalogue\etsy\cleaned_images\597417564.jpg,42
597417564_partial_crop.jpg,597417564,597417564,partial_crop,data\catalogue\etsy\cleaned_images\597417564.jpg,42
597417564_partial_occlusion.jpg,597417564,597417564,partial_occlusion,data\catalogue\etsy\cleaned_images\597417564.jpg,42
597417564_background_clutter.jpg,597417564,597417564,background_clutter,data\catalogue\etsy\cleaned_images\597417564.jpg,42
597417564_image_noise.jpg,597417564,597417564,image_noise,data\catalogue\etsy\cleaned_images\597417564.jpg,42
597417564_perspective_distortion.jpg,597417564,597417564,perspective_distortion,data\catalogue\etsy\cleaned_images\597417564.jpg,42
597417564_combined_difficult.jpg,597417564,597417564,combined_difficult,data\catalogue\etsy\cleaned_images\597417564.jpg,42
1102807411_bad_lighting.jpg,1102807411,1102807411,bad_lighting,data\catalogue\etsy\cleaned_images\1102807411.jpg,42
1102807411_brightness_contrast.jpg,1102807411,1102807411,brightness_contrast,data\catalogue\etsy\cleaned_images\1102807411.jpg,42
1102807411_blur.jpg,1102807411,1102807411,blur,data\catalogue\etsy\cleaned_images\1102807411.jpg,42
1102807411_rotation.jpg,1102807411,1102807411,rotation,data\catalogue\etsy\cleaned_images\1102807411.jpg,42
1102807411_partial_crop.jpg,1102807411,1102807411,partial_crop,data\catalogue\etsy\cleaned_images\1102807411.jpg,42
1102807411_partial_occlusion.jpg,1102807411,1102807411,partial_occlusion,data\catalogue\etsy\cleaned_images\1102807411.jpg,42
1102807411_background_clutter.jpg,1102807411,1102807411,background_clutter,data\catalogue\etsy\cleaned_images\1102807411.jpg,42
1102807411_image_noise.jpg,1102807411,1102807411,image_noise,data\catalogue\etsy\cleaned_images\1102807411.jpg,42
1102807411_perspective_distortion.jpg,1102807411,1102807411,perspective_distortion,data\catalogue\etsy\cleaned_images\1102807411.jpg,42
1102807411_combined_difficult.jpg,1102807411,1102807411,combined_difficult,data\catalogue\etsy\cleaned_images\1102807411.jpg,42
1551129812_bad_lighting.jpg,1551129812,1551129812,bad_lighting,data\catalogue\etsy\cleaned_images\1551129812.jpg,42
1551129812_brightness_contrast.jpg,1551129812,1551129812,brightness_contrast,data\catalogue\etsy\cleaned_images\1551129812.jpg,42
1551129812_blur.jpg,1551129812,1551129812,blur,data\catalogue\etsy\cleaned_images\1551129812.jpg,42
1551129812_rotation.jpg,1551129812,1551129812,rotation,data\catalogue\etsy\cleaned_images\1551129812.jpg,42
1551129812_partial_crop.jpg,1551129812,1551129812,partial_crop,data\catalogue\etsy\cleaned_images\1551129812.jpg,42
1551129812_partial_occlusion.jpg,1551129812,1551129812,partial_occlusion,data\catalogue\etsy\cleaned_images\1551129812.jpg,42
1551129812_background_clutter.jpg,1551129812,1551129812,background_clutter,data\catalogue\etsy\cleaned_images\1551129812.jpg,42
1551129812_image_noise.jpg,1551129812,1551129812,image_noise,data\catalogue\etsy\cleaned_images\1551129812.jpg,42
1551129812_perspective_distortion.jpg,1551129812,1551129812,perspective_distortion,data\catalogue\etsy\cleaned_images\1551129812.jpg,42
1551129812_combined_difficult.jpg,1551129812,1551129812,combined_difficult,data\catalogue\etsy\cleaned_images\1551129812.jpg,42
910630555_bad_lighting.jpg,910630555,910630555,bad_lighting,data\catalogue\etsy\cleaned_images\910630555.jpg,42
910630555_brightness_contrast.jpg,910630555,910630555,brightness_contrast,data\catalogue\etsy\cleaned_images\910630555.jpg,42
910630555_blur.jpg,910630555,910630555,blur,data\catalogue\etsy\cleaned_images\910630555.jpg,42
910630555_rotation.jpg,910630555,910630555,rotation,data\catalogue\etsy\cleaned_images\910630555.jpg,42
910630555_partial_crop.jpg,910630555,910630555,partial_crop,data\catalogue\etsy\cleaned_images\910630555.jpg,42
910630555_partial_occlusion.jpg,910630555,910630555,partial_occlusion,data\catalogue\etsy\cleaned_images\910630555.jpg,42
910630555_background_clutter.jpg,910630555,910630555,background_clutter,data\catalogue\etsy\cleaned_images\910630555.jpg,42
910630555_image_noise.jpg,910630555,910630555,image_noise,data\catalogue\etsy\cleaned_images\910630555.jpg,42
910630555_perspective_distortion.jpg,910630555,910630555,perspective_distortion,data\catalogue\etsy\cleaned_images\910630555.jpg,42
910630555_combined_difficult.jpg,910630555,910630555,combined_difficult,data\catalogue\etsy\cleaned_images\910630555.jpg,42
4308366231_bad_lighting.jpg,4308366231,4308366231,bad_lighting,data\catalogue\etsy\cleaned_images\4308366231.jpg,42
4308366231_brightness_contrast.jpg,4308366231,4308366231,brightness_contrast,data\catalogue\etsy\cleaned_images\4308366231.jpg,42
4308366231_blur.jpg,4308366231,4308366231,blur,data\catalogue\etsy\cleaned_images\4308366231.jpg,42
4308366231_rotation.jpg,4308366231,4308366231,rotation,data\catalogue\etsy\cleaned_images\4308366231.jpg,42
4308366231_partial_crop.jpg,4308366231,4308366231,partial_crop,data\catalogue\etsy\cleaned_images\4308366231.jpg,42
4308366231_partial_occlusion.jpg,4308366231,4308366231,partial_occlusion,data\catalogue\etsy\cleaned_images\4308366231.jpg,42
4308366231_background_clutter.jpg,4308366231,4308366231,background_clutter,data\catalogue\etsy\cleaned_images\4308366231.jpg,42
4308366231_image_noise.jpg,4308366231,4308366231,image_noise,data\catalogue\etsy\cleaned_images\4308366231.jpg,42
4308366231_perspective_distortion.jpg,4308366231,4308366231,perspective_distortion,data\catalogue\etsy\cleaned_images\4308366231.jpg,42
4308366231_combined_difficult.jpg,4308366231,4308366231,combined_difficult,data\catalogue\etsy\cleaned_images\4308366231.jpg,42
1238844845_bad_lighting.jpg,1238844845,1238844845,bad_lighting,data\catalogue\etsy\cleaned_images\1238844845.jpg,42
1238844845_brightness_contrast.jpg,1238844845,1238844845,brightness_contrast,data\catalogue\etsy\cleaned_images\1238844845.jpg,42
1238844845_blur.jpg,1238844845,1238844845,blur,data\catalogue\etsy\cleaned_images\1238844845.jpg,42
1238844845_rotation.jpg,1238844845,1238844845,rotation,data\catalogue\etsy\cleaned_images\1238844845.jpg,42
1238844845_partial_crop.jpg,1238844845,1238844845,partial_crop,data\catalogue\etsy\cleaned_images\1238844845.jpg,42
1238844845_partial_occlusion.jpg,1238844845,1238844845,partial_occlusion,data\catalogue\etsy\cleaned_images\1238844845.jpg,42
1238844845_background_clutter.jpg,1238844845,1238844845,background_clutter,data\catalogue\etsy\cleaned_images\1238844845.jpg,42
1238844845_image_noise.jpg,1238844845,1238844845,image_noise,data\catalogue\etsy\cleaned_images\1238844845.jpg,42
1238844845_perspective_distortion.jpg,1238844845,1238844845,perspective_distortion,data\catalogue\etsy\cleaned_images\1238844845.jpg,42
1238844845_combined_difficult.jpg,1238844845,1238844845,combined_difficult,data\catalogue\etsy\cleaned_images\1238844845.jpg,42
1068710247_bad_lighting.jpg,1068710247,1068710247,bad_lighting,data\catalogue\etsy\cleaned_images\1068710247.jpg,42
1068710247_brightness_contrast.jpg,1068710247,1068710247,brightness_contrast,data\catalogue\etsy\cleaned_images\1068710247.jpg,42
1068710247_blur.jpg,1068710247,1068710247,blur,data\catalogue\etsy\cleaned_images\1068710247.jpg,42
1068710247_rotation.jpg,1068710247,1068710247,rotation,data\catalogue\etsy\cleaned_images\1068710247.jpg,42
1068710247_partial_crop.jpg,1068710247,1068710247,partial_crop,data\catalogue\etsy\cleaned_images\1068710247.jpg,42
1068710247_partial_occlusion.jpg,1068710247,1068710247,partial_occlusion,data\catalogue\etsy\cleaned_images\1068710247.jpg,42
1068710247_background_clutter.jpg,1068710247,1068710247,background_clutter,data\catalogue\etsy\cleaned_images\1068710247.jpg,42
1068710247_image_noise.jpg,1068710247,1068710247,image_noise,data\catalogue\etsy\cleaned_images\1068710247.jpg,42
1068710247_perspective_distortion.jpg,1068710247,1068710247,perspective_distortion,data\catalogue\etsy\cleaned_images\1068710247.jpg,42
1068710247_combined_difficult.jpg,1068710247,1068710247,combined_difficult,data\catalogue\etsy\cleaned_images\1068710247.jpg,42
4420096243_bad_lighting.jpg,4420096243,4420096243,bad_lighting,data\catalogue\etsy\cleaned_images\4420096243.jpg,42
4420096243_brightness_contrast.jpg,4420096243,4420096243,brightness_contrast,data\catalogue\etsy\cleaned_images\4420096243.jpg,42
4420096243_blur.jpg,4420096243,4420096243,blur,data\catalogue\etsy\cleaned_images\4420096243.jpg,42
4420096243_rotation.jpg,4420096243,4420096243,rotation,data\catalogue\etsy\cleaned_images\4420096243.jpg,42
4420096243_partial_crop.jpg,4420096243,4420096243,partial_crop,data\catalogue\etsy\cleaned_images\4420096243.jpg,42
4420096243_partial_occlusion.jpg,4420096243,4420096243,partial_occlusion,data\catalogue\etsy\cleaned_images\4420096243.jpg,42
4420096243_background_clutter.jpg,4420096243,4420096243,background_clutter,data\catalogue\etsy\cleaned_images\4420096243.jpg,42
4420096243_image_noise.jpg,4420096243,4420096243,image_noise,data\catalogue\etsy\cleaned_images\4420096243.jpg,42
4420096243_perspective_distortion.jpg,4420096243,4420096243,perspective_distortion,data\catalogue\etsy\cleaned_images\4420096243.jpg,42
4420096243_combined_difficult.jpg,4420096243,4420096243,combined_difficult,data\catalogue\etsy\cleaned_images\4420096243.jpg,42
1389443910_bad_lighting.jpg,1389443910,1389443910,bad_lighting,data\catalogue\etsy\cleaned_images\1389443910.jpg,42
1389443910_brightness_contrast.jpg,1389443910,1389443910,brightness_contrast,data\catalogue\etsy\cleaned_images\1389443910.jpg,42
1389443910_blur.jpg,1389443910,1389443910,blur,data\catalogue\etsy\cleaned_images\1389443910.jpg,42
1389443910_rotation.jpg,1389443910,1389443910,rotation,data\catalogue\etsy\cleaned_images\1389443910.jpg,42
1389443910_partial_crop.jpg,1389443910,1389443910,partial_crop,data\catalogue\etsy\cleaned_images\1389443910.jpg,42
1389443910_partial_occlusion.jpg,1389443910,1389443910,partial_occlusion,data\catalogue\etsy\cleaned_images\1389443910.jpg,42
1389443910_background_clutter.jpg,1389443910,1389443910,background_clutter,data\catalogue\etsy\cleaned_images\1389443910.jpg,42
1389443910_image_noise.jpg,1389443910,1389443910,image_noise,data\catalogue\etsy\cleaned_images\1389443910.jpg,42
1389443910_perspective_distortion.jpg,1389443910,1389443910,perspective_distortion,data\catalogue\etsy\cleaned_images\1389443910.jpg,42
1389443910_combined_difficult.jpg,1389443910,1389443910,combined_difficult,data\catalogue\etsy\cleaned_images\1389443910.jpg,42
1881393235_bad_lighting.jpg,1881393235,1881393235,bad_lighting,data\catalogue\etsy\cleaned_images\1881393235.jpg,42
1881393235_brightness_contrast.jpg,1881393235,1881393235,brightness_contrast,data\catalogue\etsy\cleaned_images\1881393235.jpg,42
1881393235_blur.jpg,1881393235,1881393235,blur,data\catalogue\etsy\cleaned_images\1881393235.jpg,42
1881393235_rotation.jpg,1881393235,1881393235,rotation,data\catalogue\etsy\cleaned_images\1881393235.jpg,42
1881393235_partial_crop.jpg,1881393235,1881393235,partial_crop,data\catalogue\etsy\cleaned_images\1881393235.jpg,42
1881393235_partial_occlusion.jpg,1881393235,1881393235,partial_occlusion,data\catalogue\etsy\cleaned_images\1881393235.jpg,42
1881393235_background_clutter.jpg,1881393235,1881393235,background_clutter,data\catalogue\etsy\cleaned_images\1881393235.jpg,42
1881393235_image_noise.jpg,1881393235,1881393235,image_noise,data\catalogue\etsy\cleaned_images\1881393235.jpg,42
1881393235_perspective_distortion.jpg,1881393235,1881393235,perspective_distortion,data\catalogue\etsy\cleaned_images\1881393235.jpg,42
1881393235_combined_difficult.jpg,1881393235,1881393235,combined_difficult,data\catalogue\etsy\cleaned_images\1881393235.jpg,42
4510423520_bad_lighting.jpg,4510423520,4510423520,bad_lighting,data\catalogue\etsy\cleaned_images\4510423520.jpg,42
4510423520_brightness_contrast.jpg,4510423520,4510423520,brightness_contrast,data\catalogue\etsy\cleaned_images\4510423520.jpg,42
4510423520_blur.jpg,4510423520,4510423520,blur,data\catalogue\etsy\cleaned_images\4510423520.jpg,42
4510423520_rotation.jpg,4510423520,4510423520,rotation,data\catalogue\etsy\cleaned_images\4510423520.jpg,42
4510423520_partial_crop.jpg,4510423520,4510423520,partial_crop,data\catalogue\etsy\cleaned_images\4510423520.jpg,42
4510423520_partial_occlusion.jpg,4510423520,4510423520,partial_occlusion,data\catalogue\etsy\cleaned_images\4510423520.jpg,42
4510423520_background_clutter.jpg,4510423520,4510423520,background_clutter,data\catalogue\etsy\cleaned_images\4510423520.jpg,42
4510423520_image_noise.jpg,4510423520,4510423520,image_noise,data\catalogue\etsy\cleaned_images\4510423520.jpg,42
4510423520_perspective_distortion.jpg,4510423520,4510423520,perspective_distortion,data\catalogue\etsy\cleaned_images\4510423520.jpg,42
4510423520_combined_difficult.jpg,4510423520,4510423520,combined_difficult,data\catalogue\etsy\cleaned_images\4510423520.jpg,42
1714824776_bad_lighting.jpg,1714824776,1714824776,bad_lighting,data\catalogue\etsy\expansion_clean\cleaned_images\etsy_1714824776.jpg,42
1714824776_brightness_contrast.jpg,1714824776,1714824776,brightness_contrast,data\catalogue\etsy\expansion_clean\cleaned_images\etsy_1714824776.jpg,42
1714824776_blur.jpg,1714824776,1714824776,blur,data\catalogue\etsy\expansion_clean\cleaned_images\etsy_1714824776.jpg,42
1714824776_rotation.jpg,1714824776,1714824776,rotation,data\catalogue\etsy\expansion_clean\cleaned_images\etsy_1714824776.jpg,42
1714824776_partial_crop.jpg,1714824776,1714824776,partial_crop,data\catalogue\etsy\expansion_clean\cleaned_images\etsy_1714824776.jpg,42
1714824776_partial_occlusion.jpg,1714824776,1714824776,partial_occlusion,data\catalogue\etsy\expansion_clean\cleaned_images\etsy_1714824776.jpg,42
1714824776_background_clutter.jpg,1714824776,1714824776,background_clutter,data\catalogue\etsy\expansion_clean\cleaned_images\etsy_1714824776.jpg,42
1714824776_image_noise.jpg,1714824776,1714824776,image_noise,data\catalogue\etsy\expansion_clean\cleaned_images\etsy_1714824776.jpg,42
1714824776_perspective_distortion.jpg,1714824776,1714824776,perspective_distortion,data\catalogue\etsy\expansion_clean\cleaned_images\etsy_1714824776.jpg,42
1714824776_combined_difficult.jpg,1714824776,1714824776,combined_difficult,data\catalogue\etsy\expansion_clean\cleaned_images\etsy_1714824776.jpg,42
4582185265_bad_lighting.jpg,4582185265,4582185265,bad_lighting,data\catalogue\etsy\cleaned_images\4582185265.jpg,42
4582185265_brightness_contrast.jpg,4582185265,4582185265,brightness_contrast,data\catalogue\etsy\cleaned_images\4582185265.jpg,42
4582185265_blur.jpg,4582185265,4582185265,blur,data\catalogue\etsy\cleaned_images\4582185265.jpg,42
4582185265_rotation.jpg,4582185265,4582185265,rotation,data\catalogue\etsy\cleaned_images\4582185265.jpg,42
4582185265_partial_crop.jpg,4582185265,4582185265,partial_crop,data\catalogue\etsy\cleaned_images\4582185265.jpg,42
4582185265_partial_occlusion.jpg,4582185265,4582185265,partial_occlusion,data\catalogue\etsy\cleaned_images\4582185265.jpg,42
4582185265_background_clutter.jpg,4582185265,4582185265,background_clutter,data\catalogue\etsy\cleaned_images\4582185265.jpg,42
4582185265_image_noise.jpg,4582185265,4582185265,image_noise,data\catalogue\etsy\cleaned_images\4582185265.jpg,42
4582185265_perspective_distortion.jpg,4582185265,4582185265,perspective_distortion,data\catalogue\etsy\cleaned_images\4582185265.jpg,42
4582185265_combined_difficult.jpg,4582185265,4582185265,combined_difficult,data\catalogue\etsy\cleaned_images\4582185265.jpg,42
4471652962_bad_lighting.jpg,4471652962,4471652962,bad_lighting,data\catalogue\etsy\cleaned_images\4471652962.jpg,42
4471652962_brightness_contrast.jpg,4471652962,4471652962,brightness_contrast,data\catalogue\etsy\cleaned_images\4471652962.jpg,42
4471652962_blur.jpg,4471652962,4471652962,blur,data\catalogue\etsy\cleaned_images\4471652962.jpg,42
4471652962_rotation.jpg,4471652962,4471652962,rotation,data\catalogue\etsy\cleaned_images\4471652962.jpg,42
4471652962_partial_crop.jpg,4471652962,4471652962,partial_crop,data\catalogue\etsy\cleaned_images\4471652962.jpg,42
4471652962_partial_occlusion.jpg,4471652962,4471652962,partial_occlusion,data\catalogue\etsy\cleaned_images\4471652962.jpg,42
4471652962_background_clutter.jpg,4471652962,4471652962,background_clutter,data\catalogue\etsy\cleaned_images\4471652962.jpg,42
4471652962_image_noise.jpg,4471652962,4471652962,image_noise,data\catalogue\etsy\cleaned_images\4471652962.jpg,42
4471652962_perspective_distortion.jpg,4471652962,4471652962,perspective_distortion,data\catalogue\etsy\cleaned_images\4471652962.jpg,42
4471652962_combined_difficult.jpg,4471652962,4471652962,combined_difficult,data\catalogue\etsy\cleaned_images\4471652962.jpg,42
398072983_bad_lighting.jpg,398072983,398072983,bad_lighting,data\catalogue\etsy\cleaned_images\398072983.jpg,42
398072983_brightness_contrast.jpg,398072983,398072983,brightness_contrast,data\catalogue\etsy\cleaned_images\398072983.jpg,42
398072983_blur.jpg,398072983,398072983,blur,data\catalogue\etsy\cleaned_images\398072983.jpg,42
398072983_rotation.jpg,398072983,398072983,rotation,data\catalogue\etsy\cleaned_images\398072983.jpg,42
398072983_partial_crop.jpg,398072983,398072983,partial_crop,data\catalogue\etsy\cleaned_images\398072983.jpg,42
398072983_partial_occlusion.jpg,398072983,398072983,partial_occlusion,data\catalogue\etsy\cleaned_images\398072983.jpg,42
398072983_background_clutter.jpg,398072983,398072983,background_clutter,data\catalogue\etsy\cleaned_images\398072983.jpg,42
398072983_image_noise.jpg,398072983,398072983,image_noise,data\catalogue\etsy\cleaned_images\398072983.jpg,42
398072983_perspective_distortion.jpg,398072983,398072983,perspective_distortion,data\catalogue\etsy\cleaned_images\398072983.jpg,42
398072983_combined_difficult.jpg,398072983,398072983,combined_difficult,data\catalogue\etsy\cleaned_images\398072983.jpg,42
924341496_bad_lighting.jpg,924341496,924341496,bad_lighting,data\catalogue\etsy\cleaned_images\924341496.jpg,42
924341496_brightness_contrast.jpg,924341496,924341496,brightness_contrast,data\catalogue\etsy\cleaned_images\924341496.jpg,42
924341496_blur.jpg,924341496,924341496,blur,data\catalogue\etsy\cleaned_images\924341496.jpg,42
924341496_rotation.jpg,924341496,924341496,rotation,data\catalogue\etsy\cleaned_images\924341496.jpg,42
924341496_partial_crop.jpg,924341496,924341496,partial_crop,data\catalogue\etsy\cleaned_images\924341496.jpg,42
924341496_partial_occlusion.jpg,924341496,924341496,partial_occlusion,data\catalogue\etsy\cleaned_images\924341496.jpg,42
924341496_background_clutter.jpg,924341496,924341496,background_clutter,data\catalogue\etsy\cleaned_images\924341496.jpg,42
924341496_image_noise.jpg,924341496,924341496,image_noise,data\catalogue\etsy\cleaned_images\924341496.jpg,42
924341496_perspective_distortion.jpg,924341496,924341496,perspective_distortion,data\catalogue\etsy\cleaned_images\924341496.jpg,42
924341496_combined_difficult.jpg,924341496,924341496,combined_difficult,data\catalogue\etsy\cleaned_images\924341496.jpg,42
4582161659_bad_lighting.jpg,4582161659,4582161659,bad_lighting,data\catalogue\etsy\cleaned_images\4582161659.jpg,42
4582161659_brightness_contrast.jpg,4582161659,4582161659,brightness_contrast,data\catalogue\etsy\cleaned_images\4582161659.jpg,42
4582161659_blur.jpg,4582161659,4582161659,blur,data\catalogue\etsy\cleaned_images\4582161659.jpg,42
4582161659_rotation.jpg,4582161659,4582161659,rotation,data\catalogue\etsy\cleaned_images\4582161659.jpg,42
4582161659_partial_crop.jpg,4582161659,4582161659,partial_crop,data\catalogue\etsy\cleaned_images\4582161659.jpg,42
4582161659_partial_occlusion.jpg,4582161659,4582161659,partial_occlusion,data\catalogue\etsy\cleaned_images\4582161659.jpg,42
4582161659_background_clutter.jpg,4582161659,4582161659,background_clutter,data\catalogue\etsy\cleaned_images\4582161659.jpg,42
4582161659_image_noise.jpg,4582161659,4582161659,image_noise,data\catalogue\etsy\cleaned_images\4582161659.jpg,42
4582161659_perspective_distortion.jpg,4582161659,4582161659,perspective_distortion,data\catalogue\etsy\cleaned_images\4582161659.jpg,42
4582161659_combined_difficult.jpg,4582161659,4582161659,combined_difficult,data\catalogue\etsy\cleaned_images\4582161659.jpg,42
1848293580_bad_lighting.jpg,1848293580,1848293580,bad_lighting,data\catalogue\etsy\cleaned_images\1848293580.jpg,42
1848293580_brightness_contrast.jpg,1848293580,1848293580,brightness_contrast,data\catalogue\etsy\cleaned_images\1848293580.jpg,42
1848293580_blur.jpg,1848293580,1848293580,blur,data\catalogue\etsy\cleaned_images\1848293580.jpg,42
1848293580_rotation.jpg,1848293580,1848293580,rotation,data\catalogue\etsy\cleaned_images\1848293580.jpg,42
1848293580_partial_crop.jpg,1848293580,1848293580,partial_crop,data\catalogue\etsy\cleaned_images\1848293580.jpg,42
1848293580_partial_occlusion.jpg,1848293580,1848293580,partial_occlusion,data\catalogue\etsy\cleaned_images\1848293580.jpg,42
1848293580_background_clutter.jpg,1848293580,1848293580,background_clutter,data\catalogue\etsy\cleaned_images\1848293580.jpg,42
1848293580_image_noise.jpg,1848293580,1848293580,image_noise,data\catalogue\etsy\cleaned_images\1848293580.jpg,42
1848293580_perspective_distortion.jpg,1848293580,1848293580,perspective_distortion,data\catalogue\etsy\cleaned_images\1848293580.jpg,42
1848293580_combined_difficult.jpg,1848293580,1848293580,combined_difficult,data\catalogue\etsy\cleaned_images\1848293580.jpg,42
4433411808_bad_lighting.jpg,4433411808,4433411808,bad_lighting,data\catalogue\etsy\cleaned_images\4433411808.jpg,42
4433411808_brightness_contrast.jpg,4433411808,4433411808,brightness_contrast,data\catalogue\etsy\cleaned_images\4433411808.jpg,42
4433411808_blur.jpg,4433411808,4433411808,blur,data\catalogue\etsy\cleaned_images\4433411808.jpg,42
4433411808_rotation.jpg,4433411808,4433411808,rotation,data\catalogue\etsy\cleaned_images\4433411808.jpg,42
4433411808_partial_crop.jpg,4433411808,4433411808,partial_crop,data\catalogue\etsy\cleaned_images\4433411808.jpg,42
4433411808_partial_occlusion.jpg,4433411808,4433411808,partial_occlusion,data\catalogue\etsy\cleaned_images\4433411808.jpg,42
4433411808_background_clutter.jpg,4433411808,4433411808,background_clutter,data\catalogue\etsy\cleaned_images\4433411808.jpg,42
4433411808_image_noise.jpg,4433411808,4433411808,image_noise,data\catalogue\etsy\cleaned_images\4433411808.jpg,42
4433411808_perspective_distortion.jpg,4433411808,4433411808,perspective_distortion,data\catalogue\etsy\cleaned_images\4433411808.jpg,42
4433411808_combined_difficult.jpg,4433411808,4433411808,combined_difficult,data\catalogue\etsy\cleaned_images\4433411808.jpg,42
1862233767_bad_lighting.jpg,1862233767,1862233767,bad_lighting,data\catalogue\etsy\expansion_clean\cleaned_images\etsy_1862233767.jpg,42
1862233767_brightness_contrast.jpg,1862233767,1862233767,brightness_contrast,data\catalogue\etsy\expansion_clean\cleaned_images\etsy_1862233767.jpg,42
1862233767_blur.jpg,1862233767,1862233767,blur,data\catalogue\etsy\expansion_clean\cleaned_images\etsy_1862233767.jpg,42
1862233767_rotation.jpg,1862233767,1862233767,rotation,data\catalogue\etsy\expansion_clean\cleaned_images\etsy_1862233767.jpg,42
1862233767_partial_crop.jpg,1862233767,1862233767,partial_crop,data\catalogue\etsy\expansion_clean\cleaned_images\etsy_1862233767.jpg,42
1862233767_partial_occlusion.jpg,1862233767,1862233767,partial_occlusion,data\catalogue\etsy\expansion_clean\cleaned_images\etsy_1862233767.jpg,42
1862233767_background_clutter.jpg,1862233767,1862233767,background_clutter,data\catalogue\etsy\expansion_clean\cleaned_images\etsy_1862233767.jpg,42
1862233767_image_noise.jpg,1862233767,1862233767,image_noise,data\catalogue\etsy\expansion_clean\cleaned_images\etsy_1862233767.jpg,42
1862233767_perspective_distortion.jpg,1862233767,1862233767,perspective_distortion,data\catalogue\etsy\expansion_clean\cleaned_images\etsy_1862233767.jpg,42
1862233767_combined_difficult.jpg,1862233767,1862233767,combined_difficult,data\catalogue\etsy\expansion_clean\cleaned_images\etsy_1862233767.jpg,42
4445764674_bad_lighting.jpg,4445764674,4445764674,bad_lighting,data\catalogue\etsy\cleaned_images\4445764674.jpg,42
4445764674_brightness_contrast.jpg,4445764674,4445764674,brightness_contrast,data\catalogue\etsy\cleaned_images\4445764674.jpg,42
4445764674_blur.jpg,4445764674,4445764674,blur,data\catalogue\etsy\cleaned_images\4445764674.jpg,42
4445764674_rotation.jpg,4445764674,4445764674,rotation,data\catalogue\etsy\cleaned_images\4445764674.jpg,42
4445764674_partial_crop.jpg,4445764674,4445764674,partial_crop,data\catalogue\etsy\cleaned_images\4445764674.jpg,42
4445764674_partial_occlusion.jpg,4445764674,4445764674,partial_occlusion,data\catalogue\etsy\cleaned_images\4445764674.jpg,42
4445764674_background_clutter.jpg,4445764674,4445764674,background_clutter,data\catalogue\etsy\cleaned_images\4445764674.jpg,42
4445764674_image_noise.jpg,4445764674,4445764674,image_noise,data\catalogue\etsy\cleaned_images\4445764674.jpg,42
4445764674_perspective_distortion.jpg,4445764674,4445764674,perspective_distortion,data\catalogue\etsy\cleaned_images\4445764674.jpg,42
4445764674_combined_difficult.jpg,4445764674,4445764674,combined_difficult,data\catalogue\etsy\cleaned_images\4445764674.jpg,42
4583149957_bad_lighting.jpg,4583149957,4583149957,bad_lighting,data\catalogue\etsy\expansion_clean\cleaned_images\etsy_4583149957.jpg,42
4583149957_brightness_contrast.jpg,4583149957,4583149957,brightness_contrast,data\catalogue\etsy\expansion_clean\cleaned_images\etsy_4583149957.jpg,42
4583149957_blur.jpg,4583149957,4583149957,blur,data\catalogue\etsy\expansion_clean\cleaned_images\etsy_4583149957.jpg,42
4583149957_rotation.jpg,4583149957,4583149957,rotation,data\catalogue\etsy\expansion_clean\cleaned_images\etsy_4583149957.jpg,42
4583149957_partial_crop.jpg,4583149957,4583149957,partial_crop,data\catalogue\etsy\expansion_clean\cleaned_images\etsy_4583149957.jpg,42
4583149957_partial_occlusion.jpg,4583149957,4583149957,partial_occlusion,data\catalogue\etsy\expansion_clean\cleaned_images\etsy_4583149957.jpg,42
4583149957_background_clutter.jpg,4583149957,4583149957,background_clutter,data\catalogue\etsy\expansion_clean\cleaned_images\etsy_4583149957.jpg,42
4583149957_image_noise.jpg,4583149957,4583149957,image_noise,data\catalogue\etsy\expansion_clean\cleaned_images\etsy_4583149957.jpg,42
4583149957_perspective_distortion.jpg,4583149957,4583149957,perspective_distortion,data\catalogue\etsy\expansion_clean\cleaned_images\etsy_4583149957.jpg,42
4583149957_combined_difficult.jpg,4583149957,4583149957,combined_difficult,data\catalogue\etsy\expansion_clean\cleaned_images\etsy_4583149957.jpg,42
4374717094_bad_lighting.jpg,4374717094,4374717094,bad_lighting,data\catalogue\etsy\expansion_clean\cleaned_images\etsy_4374717094.jpg,42
4374717094_brightness_contrast.jpg,4374717094,4374717094,brightness_contrast,data\catalogue\etsy\expansion_clean\cleaned_images\etsy_4374717094.jpg,42
4374717094_blur.jpg,4374717094,4374717094,blur,data\catalogue\etsy\expansion_clean\cleaned_images\etsy_4374717094.jpg,42
4374717094_rotation.jpg,4374717094,4374717094,rotation,data\catalogue\etsy\expansion_clean\cleaned_images\etsy_4374717094.jpg,42
4374717094_partial_crop.jpg,4374717094,4374717094,partial_crop,data\catalogue\etsy\expansion_clean\cleaned_images\etsy_4374717094.jpg,42
4374717094_partial_occlusion.jpg,4374717094,4374717094,partial_occlusion,data\catalogue\etsy\expansion_clean\cleaned_images\etsy_4374717094.jpg,42
4374717094_background_clutter.jpg,4374717094,4374717094,background_clutter,data\catalogue\etsy\expansion_clean\cleaned_images\etsy_4374717094.jpg,42
4374717094_image_noise.jpg,4374717094,4374717094,image_noise,data\catalogue\etsy\expansion_clean\cleaned_images\etsy_4374717094.jpg,42
4374717094_perspective_distortion.jpg,4374717094,4374717094,perspective_distortion,data\catalogue\etsy\expansion_clean\cleaned_images\etsy_4374717094.jpg,42
4374717094_combined_difficult.jpg,4374717094,4374717094,combined_difficult,data\catalogue\etsy\expansion_clean\cleaned_images\etsy_4374717094.jpg,42
4308193570_bad_lighting.jpg,4308193570,4308193570,bad_lighting,data\catalogue\etsy\expansion_clean\cleaned_images\etsy_4308193570.jpg,42
4308193570_brightness_contrast.jpg,4308193570,4308193570,brightness_contrast,data\catalogue\etsy\expansion_clean\cleaned_images\etsy_4308193570.jpg,42
4308193570_blur.jpg,4308193570,4308193570,blur,data\catalogue\etsy\expansion_clean\cleaned_images\etsy_4308193570.jpg,42
4308193570_rotation.jpg,4308193570,4308193570,rotation,data\catalogue\etsy\expansion_clean\cleaned_images\etsy_4308193570.jpg,42
4308193570_partial_crop.jpg,4308193570,4308193570,partial_crop,data\catalogue\etsy\expansion_clean\cleaned_images\etsy_4308193570.jpg,42
4308193570_partial_occlusion.jpg,4308193570,4308193570,partial_occlusion,data\catalogue\etsy\expansion_clean\cleaned_images\etsy_4308193570.jpg,42
4308193570_background_clutter.jpg,4308193570,4308193570,background_clutter,data\catalogue\etsy\expansion_clean\cleaned_images\etsy_4308193570.jpg,42
4308193570_image_noise.jpg,4308193570,4308193570,image_noise,data\catalogue\etsy\expansion_clean\cleaned_images\etsy_4308193570.jpg,42
4308193570_perspective_distortion.jpg,4308193570,4308193570,perspective_distortion,data\catalogue\etsy\expansion_clean\cleaned_images\etsy_4308193570.jpg,42
4308193570_combined_difficult.jpg,4308193570,4308193570,combined_difficult,data\catalogue\etsy\expansion_clean\cleaned_images\etsy_4308193570.jpg,42
1187505301_bad_lighting.jpg,1187505301,1187505301,bad_lighting,data\catalogue\etsy\cleaned_images\1187505301.jpg,42
1187505301_brightness_contrast.jpg,1187505301,1187505301,brightness_contrast,data\catalogue\etsy\cleaned_images\1187505301.jpg,42
1187505301_blur.jpg,1187505301,1187505301,blur,data\catalogue\etsy\cleaned_images\1187505301.jpg,42
1187505301_rotation.jpg,1187505301,1187505301,rotation,data\catalogue\etsy\cleaned_images\1187505301.jpg,42
1187505301_partial_crop.jpg,1187505301,1187505301,partial_crop,data\catalogue\etsy\cleaned_images\1187505301.jpg,42
1187505301_partial_occlusion.jpg,1187505301,1187505301,partial_occlusion,data\catalogue\etsy\cleaned_images\1187505301.jpg,42
1187505301_background_clutter.jpg,1187505301,1187505301,background_clutter,data\catalogue\etsy\cleaned_images\1187505301.jpg,42
1187505301_image_noise.jpg,1187505301,1187505301,image_noise,data\catalogue\etsy\cleaned_images\1187505301.jpg,42
1187505301_perspective_distortion.jpg,1187505301,1187505301,perspective_distortion,data\catalogue\etsy\cleaned_images\1187505301.jpg,42
1187505301_combined_difficult.jpg,1187505301,1187505301,combined_difficult,data\catalogue\etsy\cleaned_images\1187505301.jpg,42
562117176_bad_lighting.jpg,562117176,562117176,bad_lighting,data\catalogue\etsy\cleaned_images\562117176.jpg,42
562117176_brightness_contrast.jpg,562117176,562117176,brightness_contrast,data\catalogue\etsy\cleaned_images\562117176.jpg,42
562117176_blur.jpg,562117176,562117176,blur,data\catalogue\etsy\cleaned_images\562117176.jpg,42
562117176_rotation.jpg,562117176,562117176,rotation,data\catalogue\etsy\cleaned_images\562117176.jpg,42
562117176_partial_crop.jpg,562117176,562117176,partial_crop,data\catalogue\etsy\cleaned_images\562117176.jpg,42
562117176_partial_occlusion.jpg,562117176,562117176,partial_occlusion,data\catalogue\etsy\cleaned_images\562117176.jpg,42
562117176_background_clutter.jpg,562117176,562117176,background_clutter,data\catalogue\etsy\cleaned_images\562117176.jpg,42
562117176_image_noise.jpg,562117176,562117176,image_noise,data\catalogue\etsy\cleaned_images\562117176.jpg,42
562117176_perspective_distortion.jpg,562117176,562117176,perspective_distortion,data\catalogue\etsy\cleaned_images\562117176.jpg,42
562117176_combined_difficult.jpg,562117176,562117176,combined_difficult,data\catalogue\etsy\cleaned_images\562117176.jpg,42
4308389674_bad_lighting.jpg,4308389674,4308389674,bad_lighting,data\catalogue\etsy\cleaned_images\4308389674.jpg,42
4308389674_brightness_contrast.jpg,4308389674,4308389674,brightness_contrast,data\catalogue\etsy\cleaned_images\4308389674.jpg,42
4308389674_blur.jpg,4308389674,4308389674,blur,data\catalogue\etsy\cleaned_images\4308389674.jpg,42
4308389674_rotation.jpg,4308389674,4308389674,rotation,data\catalogue\etsy\cleaned_images\4308389674.jpg,42
4308389674_partial_crop.jpg,4308389674,4308389674,partial_crop,data\catalogue\etsy\cleaned_images\4308389674.jpg,42
4308389674_partial_occlusion.jpg,4308389674,4308389674,partial_occlusion,data\catalogue\etsy\cleaned_images\4308389674.jpg,42
4308389674_background_clutter.jpg,4308389674,4308389674,background_clutter,data\catalogue\etsy\cleaned_images\4308389674.jpg,42
4308389674_image_noise.jpg,4308389674,4308389674,image_noise,data\catalogue\etsy\cleaned_images\4308389674.jpg,42
4308389674_perspective_distortion.jpg,4308389674,4308389674,perspective_distortion,data\catalogue\etsy\cleaned_images\4308389674.jpg,42
4308389674_combined_difficult.jpg,4308389674,4308389674,combined_difficult,data\catalogue\etsy\cleaned_images\4308389674.jpg,42
4582184876_bad_lighting.jpg,4582184876,4582184876,bad_lighting,data\catalogue\etsy\cleaned_images\4582184876.jpg,42
4582184876_brightness_contrast.jpg,4582184876,4582184876,brightness_contrast,data\catalogue\etsy\cleaned_images\4582184876.jpg,42
4582184876_blur.jpg,4582184876,4582184876,blur,data\catalogue\etsy\cleaned_images\4582184876.jpg,42
4582184876_rotation.jpg,4582184876,4582184876,rotation,data\catalogue\etsy\cleaned_images\4582184876.jpg,42
4582184876_partial_crop.jpg,4582184876,4582184876,partial_crop,data\catalogue\etsy\cleaned_images\4582184876.jpg,42
4582184876_partial_occlusion.jpg,4582184876,4582184876,partial_occlusion,data\catalogue\etsy\cleaned_images\4582184876.jpg,42
4582184876_background_clutter.jpg,4582184876,4582184876,background_clutter,data\catalogue\etsy\cleaned_images\4582184876.jpg,42
4582184876_image_noise.jpg,4582184876,4582184876,image_noise,data\catalogue\etsy\cleaned_images\4582184876.jpg,42
4582184876_perspective_distortion.jpg,4582184876,4582184876,perspective_distortion,data\catalogue\etsy\cleaned_images\4582184876.jpg,42
4582184876_combined_difficult.jpg,4582184876,4582184876,combined_difficult,data\catalogue\etsy\cleaned_images\4582184876.jpg,42
4583172822_bad_lighting.jpg,4583172822,4583172822,bad_lighting,data\catalogue\etsy\expansion_clean\cleaned_images\etsy_4583172822.jpg,42
4583172822_brightness_contrast.jpg,4583172822,4583172822,brightness_contrast,data\catalogue\etsy\expansion_clean\cleaned_images\etsy_4583172822.jpg,42
4583172822_blur.jpg,4583172822,4583172822,blur,data\catalogue\etsy\expansion_clean\cleaned_images\etsy_4583172822.jpg,42
4583172822_rotation.jpg,4583172822,4583172822,rotation,data\catalogue\etsy\expansion_clean\cleaned_images\etsy_4583172822.jpg,42
4583172822_partial_crop.jpg,4583172822,4583172822,partial_crop,data\catalogue\etsy\expansion_clean\cleaned_images\etsy_4583172822.jpg,42
4583172822_partial_occlusion.jpg,4583172822,4583172822,partial_occlusion,data\catalogue\etsy\expansion_clean\cleaned_images\etsy_4583172822.jpg,42
4583172822_background_clutter.jpg,4583172822,4583172822,background_clutter,data\catalogue\etsy\expansion_clean\cleaned_images\etsy_4583172822.jpg,42
4583172822_image_noise.jpg,4583172822,4583172822,image_noise,data\catalogue\etsy\expansion_clean\cleaned_images\etsy_4583172822.jpg,42
4583172822_perspective_distortion.jpg,4583172822,4583172822,perspective_distortion,data\catalogue\etsy\expansion_clean\cleaned_images\etsy_4583172822.jpg,42
4583172822_combined_difficult.jpg,4583172822,4583172822,combined_difficult,data\catalogue\etsy\expansion_clean\cleaned_images\etsy_4583172822.jpg,42
