query_filename,ground_truth_listing_id,predicted_top1_listing_id,ground_truth_category,predicted_category,top1_similarity,condition
4374702628_background_clutter.jpg,4374702628,4366231627,ring,ring,0.7888026833534241,background_clutter
547042416_background_clutter.jpg,547042416,4445726329,ring,bracelet,0.7869910001754761,background_clutter
4479465976_background_clutter.jpg,4479465976,977569365,ring,ring,0.7881606817245483,background_clutter
4511137547_combined_difficult.jpg,4511137547,4486912986,ring,ring,0.8465193510055542,combined_difficult
1874276471_partial_occlusion.jpg,1874276471,4510375245,ring,ring,0.7908886075019836,partial_occlusion
1874276471_background_clutter.jpg,1874276471,4388512225,ring,earring,0.7621450424194336,background_clutter
1874276471_combined_difficult.jpg,1874276471,1742320576,ring,ring,0.8165522813796997,combined_difficult
4583140761_background_clutter.jpg,4583140761,4583152458,ring,ring,0.8387670516967773,background_clutter
4309162894_background_clutter.jpg,4309162894,1304264275,ring,ring,0.839460015296936,background_clutter
1751683468_brightness_contrast.jpg,1751683468,1754756940,pendant,pendant,0.8204368352890015,brightness_contrast
1751683468_partial_occlusion.jpg,1751683468,1897736207,pendant,pendant,0.7693129777908325,partial_occlusion
4401014124_partial_crop.jpg,4401014124,1901037771,ring,ring,0.9110845923423768,partial_crop
4401014124_background_clutter.jpg,4401014124,4522675099,ring,ring,0.8082432746887207,background_clutter
4401014124_combined_difficult.jpg,4401014124,4486912986,ring,ring,0.9116615653038024,combined_difficult
4538148367_background_clutter.jpg,4538148367,1502917898,earring,earring,0.8496444821357727,background_clutter
4583169274_combined_difficult.jpg,4583169274,846846551,ring,ring,0.8363301753997803,combined_difficult
4553485453_partial_occlusion.jpg,4553485453,4494938702,necklace,necklace,0.8492093682289124,partial_occlusion
4553485453_background_clutter.jpg,4553485453,1609092004,necklace,bracelet,0.8075536489486694,background_clutter
4552236944_partial_crop.jpg,4552236944,712958326,earring,earring,0.8844961524009705,partial_crop
4552236944_combined_difficult.jpg,4552236944,1513326270,earring,earring,0.8322159051895142,combined_difficult
597417564_background_clutter.jpg,597417564,4445726329,earring,bracelet,0.7208596467971802,background_clutter
1238844845_background_clutter.jpg,1238844845,1394273489,ring,ring,0.7860194444656372,background_clutter
1238844845_combined_difficult.jpg,1238844845,4575891623,ring,ring,0.8174629807472229,combined_difficult
4420096243_background_clutter.jpg,4420096243,727775169,ring,ring,0.7601218223571777,background_clutter
1389443910_brightness_contrast.jpg,1389443910,517519659,ring,ring,0.9329673647880554,brightness_contrast
1389443910_background_clutter.jpg,1389443910,4571285511,ring,bracelet,0.7931616306304932,background_clutter
1389443910_image_noise.jpg,1389443910,769186820,ring,ring,0.8935794830322266,image_noise
1714824776_background_clutter.jpg,1714824776,727775169,ring,ring,0.7625777125358582,background_clutter
4582185265_brightness_contrast.jpg,4582185265,4345848710,bracelet,bracelet,0.856095552444458,brightness_contrast
4582185265_partial_crop.jpg,4582185265,1635617972,bracelet,bracelet,0.8645941615104675,partial_crop
4582185265_combined_difficult.jpg,4582185265,4370396807,bracelet,necklace,0.7696470618247986,combined_difficult
924341496_background_clutter.jpg,924341496,4571285511,ring,bracelet,0.8065675497055054,background_clutter
1848293580_background_clutter.jpg,1848293580,1762059251,earring,necklace,0.76624596118927,background_clutter
4433411808_background_clutter.jpg,4433411808,1607864384,earring,pendant,0.8063111305236816,background_clutter
1862233767_background_clutter.jpg,1862233767,4445726329,ring,bracelet,0.7775928974151611,background_clutter
4583149957_brightness_contrast.jpg,4583149957,4395797008,ring,bracelet,0.8289589881896973,brightness_contrast
4583149957_partial_occlusion.jpg,4583149957,1612904168,ring,pendant,0.8037608861923218,partial_occlusion
4583149957_background_clutter.jpg,4583149957,4445726329,ring,bracelet,0.7808306217193604,background_clutter
4374717094_partial_occlusion.jpg,4374717094,4374726683,ring,ring,0.7732904553413391,partial_occlusion
4374717094_background_clutter.jpg,4374717094,4374726683,ring,ring,0.788285493850708,background_clutter
4374717094_combined_difficult.jpg,4374717094,4374726683,ring,ring,0.8257417678833008,combined_difficult
4308193570_brightness_contrast.jpg,4308193570,4582200336,ring,bracelet,0.7388707399368286,brightness_contrast
4308193570_background_clutter.jpg,4308193570,1304264275,ring,ring,0.7907680869102478,background_clutter
4308193570_combined_difficult.jpg,4308193570,1890537224,ring,ring,0.8181442022323608,combined_difficult
1187505301_background_clutter.jpg,1187505301,1392396337,bracelet,earring,0.7903254628181458,background_clutter
4582184876_combined_difficult.jpg,4582184876,708486816,earring,earring,0.774628758430481,combined_difficult
4583172822_background_clutter.jpg,4583172822,4388512225,ring,earring,0.7205182313919067,background_clutter
4583172822_combined_difficult.jpg,4583172822,4348781927,ring,ring,0.8399588465690613,combined_difficult
