reference_image,rank,listing_id,category,title,similarity,catalogue_image_path
test1.jpeg,1,4507011848,ring,"Euro Shank 2CT Oval MOISSANITE ENGAGEMENT RING Gifts For Wife, Cathedral Set 10k Yellow Gold Hidden Halo Promise Ring, Anniversary Gift Ring",0.8868885636329651,data\catalogue\etsy\expansion_clean\cleaned_images\etsy_4507011848.jpg
test1.jpeg,2,1737979805,ring,8 Pixel Side Firing Accent &quot;Ring&quot;,0.872657060623169,data\catalogue\etsy\cleaned_images\1737979805.jpg
test1.jpeg,3,4352924968,bracelet,"2pcs 18K Gold Plated Oval Clasp,Oval Screw Clasp,Necklace Bracelet Component Clasp ,for DIY Jewelry",0.8718615770339966,data\catalogue\etsy\cleaned_images\4352924968.jpg
test1.jpeg,4,1546363765,bracelet,"Gold Necklace Clasp,18K Gold Filled Lobster Clasp Gold Lobster Claw for DIY Jewelry Finding Necklace Bracelet",0.8680287599563599,data\catalogue\etsy\cleaned_images\1546363765.jpg
test1.jpeg,5,4446488568,ring,"Handmade Gold Plated Natural Blue Topaz Promise Ring, Wedding Birthstone Jewelry",0.8604952096939087,data\catalogue\etsy\expansion_clean\cleaned_images\etsy_4446488568.jpg
test1.jpeg,6,596606927,ring,"Hammered Triangle Septum Ring, Rose Gold Filled Septum Ring.",0.8582120537757874,data\catalogue\etsy\expansion_clean\cleaned_images\etsy_596606927.jpg
test1.jpeg,7,4336278483,bracelet,"Bold Polished Circle Connector in 18K Gold Filled, Perfect for Customizing Charm Bracelets or Bags 14.8mm",0.8556631803512573,data\catalogue\etsy\cleaned_images\4336278483.jpg
test1.jpeg,8,4374560212,ring,1 Piece Beer  Quartz Carved Polished Single Gemstone Ring| Hand Carved Ring Size,0.852308988571167,data\catalogue\etsy\cleaned_images\4374560212.jpg
test1.jpeg,9,4348781927,ring,Organic Diamond Wave Ring by Caitlyn Minimalist • Curved Marquise Diamond Stacking Ring • Unique Arc Wedding Band • Anniversary Gift • RR191,0.8503879308700562,data\catalogue\etsy\cleaned_images\4348781927.jpg
test1.jpeg,10,1733925857,ring,Bentwood Veneer Wooden Rings,0.8490521907806396,data\catalogue\etsy\expansion_clean\cleaned_images\etsy_1733925857.jpg
test2.jpeg,1,256613157,earring,"Blue Sapphire Earrings, September Birthstones, Crown Set Sapphire, Sterling Silver Sapphires, Oval Sapphire Earrings, Dark Blue Sapphire Set",0.78731369972229,data\catalogue\etsy\cleaned_images\256613157.jpg
test2.jpeg,2,1885800189,earring,"Champagne and Navy Blue Drop Earrings, Denim Blue Crystal Earrings, Gold and Navy Bridal Earrings, Champagne Crystal Dangle Earrings",0.7828202247619629,data\catalogue\etsy\cleaned_images\1885800189.jpg
test2.jpeg,3,4577967890,earring,Vintage 10K White Gold Blue Aquamarine & CZ Drop Dangle Earrings,0.779320240020752,data\catalogue\etsy\cleaned_images\4577967890.jpg
test2.jpeg,4,1015877397,earring,Sage Green and Purple Czech Crystal Earrings,0.7772508859634399,data\catalogue\etsy\cleaned_images\1015877397.jpg
test2.jpeg,5,4583145183,ring,"Emerald Cut Blue Topaz Ring, Elegant Statement Ring, 925 Stealing Silver Ring, Silver Style Fine Jewelry Gift",0.7749941945075989,data\catalogue\etsy\expansion_clean\cleaned_images\etsy_4583145183.jpg
test2.jpeg,6,1185707075,bracelet,"Juliana Blue Keystone Bracelet, Brooch and Earrings Aurora Borealis Accent",0.7731350660324097,data\catalogue\etsy\cleaned_images\1185707075.jpg
test2.jpeg,7,767535113,necklace,Vintage Art Deco Style Silver Tone Blue Glass Stone Pendant Dangle Line LInk Necklace Jewelry   K#17,0.770022988319397,data\catalogue\etsy\cleaned_images\767535113.jpg
test2.jpeg,8,4577954309,earring,Vintage 10K White Gold Blue Topaz Flower Earrings,0.766486406326294,data\catalogue\etsy\cleaned_images\4577954309.jpg
test2.jpeg,9,969381825,earring,Garnet Red Crystal Drop Earrings Classic Sparkling Indian Ruby Solitaire Swarovski Dark Oxidized Gunmetal Gold Matt Silver January July,0.7639449834823608,data\catalogue\etsy\cleaned_images\969381825.jpg
test2.jpeg,10,1860278397,earring,Vintage Tricia&#39;s Gold Vermeil Finish Sterling Artisan Clip On Earrings,0.7616084814071655,data\catalogue\etsy\cleaned_images\1860278397.jpg
test4.jpeg,1,4582187140,earring,"Rusty rustic pewter bee earrings n34- artisan lamp work in honey color, pagan jewelry, bohemian earrings, primitive jewelry, honey bee",0.7945361137390137,data\catalogue\etsy\cleaned_images\4582187140.jpg
test4.jpeg,2,4488441375,pendant,khamaseeya framed pendant,0.7772595882415771,data\catalogue\etsy\cleaned_images\4488441375.jpg
test4.jpeg,3,1869756705,bracelet,"14k Solid Gold Bismark Chain Bracelet, Stacked Curb Link,Bismarck Bracelet",0.7739054560661316,data\catalogue\etsy\cleaned_images\1869756705.jpg
test4.jpeg,4,4583162508,ring,Handmade Sterling Silver & Copper Tanzanite Citrine Cabochons Ring Size 5.75,0.7718718647956848,data\catalogue\etsy\expansion_clean\cleaned_images\etsy_4583162508.jpg
test4.jpeg,5,4418392447,earring,Stick Hammered Crystal Bezel Rectangle Pendant Charm earring components charm Preciosa Antique gold 2 pcs (N2),0.7690739035606384,data\catalogue\etsy\cleaned_images\4418392447.jpg
test4.jpeg,6,4582204395,necklace,Gold Steampunk Polymer Clay Statement Necklace,0.7679487466812134,data\catalogue\etsy\cleaned_images\4582204395.jpg
test4.jpeg,7,1750297922,earring,Handmade Indian Jhumki Hoop Earrings: Ethnic Chandbali Jewelry,0.7666332721710205,data\catalogue\etsy\cleaned_images\1750297922.jpg
test4.jpeg,8,1889169516,ring,"Engraved Medusa Signet Ring: Tahitian Mother of Pearl, Sterling Silver • One Size Rings",0.7660083174705505,data\catalogue\etsy\expansion_clean\cleaned_images\etsy_1889169516.jpg
test4.jpeg,9,1718919882,earring,DON-LIN Vintage 1990&#39;s Beige And Gold Modern Triangular Statement Clip Earrings,0.7644147872924805,data\catalogue\etsy\cleaned_images\1718919882.jpg
test4.jpeg,10,4445706015,earring,"Garnet Necklace & Earrings Set – Hand Wrapped Gold Wire Jewelry, Minimal Gemstone Chip Matching Set",0.7640627026557922,data\catalogue\etsy\cleaned_images\4445706015.jpg
test5.jpeg,1,1737979805,ring,8 Pixel Side Firing Accent &quot;Ring&quot;,0.8541792631149292,data\catalogue\etsy\cleaned_images\1737979805.jpg
test5.jpeg,2,590602491,ring,"Bronze niobium cartilage and nose ring hoop, Hypoallergenic helix tragus earring, Brown piercing jewelry",0.8465985655784607,data\catalogue\etsy\expansion_clean\cleaned_images\etsy_590602491.jpg
test5.jpeg,3,4503232716,ring,Gold Toned Herringbone Chain Minimalist 80&#39;s Vintage Bracelet,0.8395881652832031,data\catalogue\etsy\expansion_clean\cleaned_images\etsy_4503232716.jpg
test5.jpeg,4,4582175884,bracelet,Vintage 10k Gold Curb Link Bracelet 7’’ with Sister Twin Hook Clasp,0.827182412147522,data\catalogue\etsy\cleaned_images\4582175884.jpg
test5.jpeg,5,938207815,bracelet,Vintage Marquise Decorative Gold Brass Chain Link Bracelet,0.8229649066925049,data\catalogue\etsy\cleaned_images\938207815.jpg
test5.jpeg,6,1510796672,necklace,Braided Brass Torque Choker: Viking Tribal Necklace,0.8098128437995911,data\catalogue\etsy\cleaned_images\1510796672.jpg
test5.jpeg,7,4374560212,ring,1 Piece Beer  Quartz Carved Polished Single Gemstone Ring| Hand Carved Ring Size,0.7932605743408203,data\catalogue\etsy\cleaned_images\4374560212.jpg
test5.jpeg,8,181919377,ring,"14kt Rose Gold Filled Necklace Extender w/ Spring Ring Clasp - 1&quot;, 2&quot;, 3&quot; & 4&quot; - Your Choice of Chain Extender - Custom Extension Chain",0.7929952144622803,data\catalogue\etsy\cleaned_images\181919377.jpg
test5.jpeg,9,4582190953,bracelet,vintage gold-tone bangle bracelet featuring the stamped © MONET maker&#39;s mark on the interior.,0.7928896546363831,data\catalogue\etsy\cleaned_images\4582190953.jpg
test5.jpeg,10,1332993512,ring,"Pippa Pearl Bracelet, Dainty Chain Bracelet, Gold Pearl Bracelet, Bracelet for Bride, Wedding Bracelet, Modern Pearl Bracelet",0.7928760647773743,data\catalogue\etsy\expansion_clean\cleaned_images\etsy_1332993512.jpg
